-60,-59,-58,-57,-56,-55,-54,-53,-52,-51,-10,-9,-8,-7,-6,-5,-4,-3,-2,-1,0,1,2,3,4,5,6,7,8,9,10,11,12,13,25,26,27,28,29,30,31,32,33,34,35,36,37,38,39,40,41,42,43,44
4.0131e+10,3.9435e+10,3.8689e+10,3.7907e+10,3.7086e+10,3.6234e+10,3.5353e+10,3.4445e+10,3.3519e+10,3.2568e+10,1.3842e+09,1.116e+09,8.8135e+08,6.7545e+08,4.925e+08,3.4601e+08,2.2065e+08,1.23e+08,5.9241e+07,1.4106e+07,0,1.4106e+07,4.7288e+07,1.1314e+08,2.0101e+08,3.0929e+08,4.4975e+08,6.0812e+08,7.8719e+08,9.9688e+08,1.2216e+09,1.4664e+09,1.7398e+09,2.0262e+09,6.7983e+09,7.2788e+09,7.7726e+09,8.2804e+09,8.7885e+09,9.3045e+09,9.8344e+09,1.0364e+10,1.0895e+10,1.1437e+10,1.1981e+10,1.2522e+10,1.3066e+10,1.3616e+10,1.416e+10,1.47e+10,1.5243e+10,1.5784e+10,1.6315e+10,1.6841e+10
4.3574e+10,4.2739e+10,4.1858e+10,4.0946e+10,3.9996e+10,3.9022e+10,3.802e+10,3.6997e+10,3.5956e+10,3.4897e+10,1.4522e+09,1.1714e+09,9.2348e+08,7.0883e+08,5.169e+08,3.6233e+08,2.3217e+08,1.2911e+08,6.2473e+07,1.6034e+07,0,1.6034e+07,5.133e+07,1.1902e+08,2.1288e+08,3.2661e+08,4.7302e+08,6.4064e+08,8.2844e+08,1.0478e+09,1.285e+09,1.5417e+09,1.8282e+09,2.1301e+09,7.1512e+09,7.6585e+09,8.1787e+09,8.715e+09,9.2526e+09,9.7977e+09,1.0357e+10,1.0919e+10,1.1482e+10,1.2055e+10,1.2634e+10,1.3209e+10,1.3787e+10,1.4373e+10,1.4953e+10,1.5529e+10,1.6109e+10,1.6688e+10,1.7257e+10,1.7822e+10
4.6923e+10,4.5952e+10,4.494e+10,4.3901e+10,4.2827e+10,4.1733e+10,4.0613e+10,3.9478e+10,3.8325e+10,3.7161e+10,1.517e+09,1.2242e+09,9.6375e+08,7.4025e+08,5.3995e+08,3.772e+08,2.4271e+08,1.3472e+08,6.4966e+07,1.7587e+07,0,1.7587e+07,5.5251e+07,1.2469e+08,2.244e+08,3.4373e+08,4.956e+08,6.7251e+08,8.6907e+08,1.0975e+09,1.3471e+09,1.6156e+09,1.9145e+09,2.2318e+09,7.4954e+09,8.0289e+09,8.5748e+09,9.1385e+09,9.705e+09,1.0278e+10,1.0867e+10,1.146e+10,1.2054e+10,1.2657e+10,1.327e+10,1.3878e+10,1.4489e+10,1.5108e+10,1.5725e+10,1.6336e+10,1.6951e+10,1.7568e+10,1.8175e+10,1.8777e+10
5.018e+10,4.9077e+10,4.7938e+10,4.6774e+10,4.5579e+10,4.4369e+10,4.3133e+10,4.1889e+10,4.0628e+10,3.9361e+10,1.5786e+09,1.2746e+09,1.0022e+09,7.6981e+08,5.617e+08,3.9069e+08,2.5233e+08,1.3987e+08,6.6762e+07,1.8787e+07,0,1.8787e+07,5.9056e+07,1.305e+08,2.3558e+08,3.6065e+08,5.1767e+08,7.0373e+08,9.0909e+08,1.1461e+09,1.4079e+09,1.6883e+09,1.9988e+09,2.3313e+09,7.8312e+09,8.3903e+09,8.9614e+09,9.5514e+09,1.0146e+10,1.0747e+10,1.1363e+10,1.1987e+10,1.2611e+10,1.3245e+10,1.3889e+10,1.4529e+10,1.5172e+10,1.5825e+10,1.6476e+10,1.7122e+10,1.7771e+10,1.8424e+10,1.9068e+10,1.9706e+10
5.3978e+10,5.2685e+10,5.1368e+10,5.0024e+10,4.8668e+10,4.729e+10,4.5907e+10,4.4509e+10,4.311e+10,4.1704e+10,1.6167e+09,1.3017e+09,1.0289e+09,7.8218e+08,5.7187e+08,3.9827e+08,2.504e+08,1.4237e+08,6.2748e+07,1.172e+07,0,1.172e+07,5.4017e+07,1.3265e+08,2.3219e+08,3.631e+08,5.2641e+08,7.0921e+08,9.2306e+08,1.1655e+09,1.4262e+09,1.7165e+09,2.0326e+09,2.365e+09,7.9388e+09,8.5031e+09,9.087e+09,9.6778e+09,1.0275e+10,1.0886e+10,1.1508e+10,1.2131e+10,1.2762e+10,1.3405e+10,1.4046e+10,1.4689e+10,1.5341e+10,1.5995e+10,1.6644e+10,1.7294e+10,1.7951e+10,1.8599e+10,1.9241e+10,1.9885e+10
5.7041e+10,5.5626e+10,5.4188e+10,5.2729e+10,5.1259e+10,4.9771e+10,4.8281e+10,4.6779e+10,4.5281e+10,4.3776e+10,1.6797e+09,1.3524e+09,1.0688e+09,8.135e+08,5.94e+08,4.1455e+08,2.6129e+08,1.4771e+08,6.633e+07,1.2958e+07,0,1.2958e+07,5.5905e+07,1.3724e+08,2.4096e+08,3.7545e+08,5.4506e+08,7.3489e+08,9.5519e+08,1.2072e+09,1.4777e+09,1.7773e+09,2.1058e+09,2.4508e+09,8.2372e+09,8.8238e+09,9.4302e+09,1.0046e+10,1.0668e+10,1.1303e+10,1.1952e+10,1.2602e+10,1.3259e+10,1.393e+10,1.4601e+10,1.5272e+10,1.5953e+10,1.6638e+10,1.7318e+10,1.7999e+10,1.8687e+10,1.9368e+10,2.0043e+10,2.0719e+10
6.0022e+10,5.8487e+10,5.6931e+10,5.536e+10,5.3778e+10,5.2185e+10,5.059e+10,4.8987e+10,4.7391e+10,4.579e+10,1.7404e+09,1.4013e+09,1.1069e+09,8.4363e+08,6.1549e+08,4.3008e+08,2.7185e+08,1.5271e+08,6.9807e+07,1.4438e+07,0,1.4438e+07,5.8287e+07,1.4199e+08,2.5001e+08,3.8824e+08,5.6372e+08,7.6062e+08,9.8744e+08,1.2485e+09,1.5287e+09,1.8376e+09,2.1779e+09,2.5354e+09,8.5288e+09,9.1373e+09,9.7653e+09,1.0406e+10,1.1051e+10,1.1711e+10,1.2385e+10,1.3061e+10,1.3745e+10,1.4442e+10,1.5141e+10,1.5841e+10,1.6549e+10,1.7264e+10,1.7974e+10,1.8685e+10,1.9403e+10,2.0117e+10,2.0824e+10,2.1532e+10
4.1512e+10,4.0744e+10,3.9928e+10,3.9081e+10,3.8195e+10,3.7284e+10,3.6343e+10,3.5381e+10,3.44e+10,3.34e+10,1.3954e+09,1.1253e+09,8.8723e+08,6.8096e+08,4.9644e+08,3.4821e+08,2.2301e+08,1.24e+08,6.0151e+07,1.533e+07,0,1.533e+07,4.8913e+07,1.1396e+08,2.0369e+08,3.1239e+08,4.5275e+08,6.1293e+08,7.9241e+08,1.0024e+09,1.2289e+09,1.4739e+09,1.7477e+09,2.0357e+09,6.8077e+09,7.2874e+09,7.7791e+09,8.2857e+09,8.7927e+09,9.3062e+09,9.8335e+09,1.0361e+10,1.089e+10,1.1427e+10,1.1969e+10,1.2507e+10,1.3046e+10,1.3592e+10,1.4132e+10,1.4667e+10,1.5204e+10,1.574e+10,1.6265e+10,1.6784e+10
4.4938e+10,4.4031e+10,4.3081e+10,4.2104e+10,4.1091e+10,4.0057e+10,3.8996e+10,3.7919e+10,3.6824e+10,3.5716e+10,1.4619e+09,1.1796e+09,9.2863e+08,7.1331e+08,5.2016e+08,3.6358e+08,2.3389e+08,1.2979e+08,6.2782e+07,1.6949e+07,0,1.6949e+07,5.292e+07,1.1976e+08,2.1549e+08,3.299e+08,4.7592e+08,6.4558e+08,8.3402e+08,1.0534e+09,1.2925e+09,1.5497e+09,1.8363e+09,2.1399e+09,7.1611e+09,7.6677e+09,8.1859e+09,8.7207e+09,9.2573e+09,9.8e+09,1.0357e+10,1.0917e+10,1.1477e+10,1.2046e+10,1.2622e+10,1.3194e+10,1.3767e+10,1.4348e+10,1.4925e+10,1.5496e+10,1.607e+10,1.6644e+10,1.7208e+10,1.7766e+10
4.8269e+10,4.7227e+10,4.6148e+10,4.5043e+10,4.3907e+10,4.2754e+10,4.1575e+10,4.0387e+10,3.918e+10,3.7967e+10,1.5253e+09,1.2314e+09,9.682e+08,7.4374e+08,5.4255e+08,3.7754e+08,2.4382e+08,1.3511e+08,6.4694e+07,1.8204e+07,0,1.8204e+07,5.6808e+07,1.2568e+08,2.2694e+08,3.4721e+08,4.9852e+08,6.7757e+08,8.7501e+08,1.1032e+09,1.3549e+09,1.6242e+09,1.9228e+09,2.242e+09,7.5058e+09,8.0387e+09,8.5828e+09,9.1447e+09,9.7102e+09,1.0281e+10,1.0867e+10,1.1458e+10,1.205e+10,1.2649e+10,1.3258e+10,1.3863e+10,1.447e+10,1.5085e+10,1.5697e+10,1.6304e+10,1.6912e+10,1.7524e+10,1.8126e+10,1.8721e+10
5.2134e+10,5.0898e+10,4.9639e+10,4.8353e+10,4.7052e+10,4.573e+10,4.4402e+10,4.3057e+10,4.1711e+10,4.0357e+10,1.5645e+09,1.2595e+09,9.9556e+08,7.5659e+08,5.5314e+08,3.8517e+08,2.4201e+08,1.3769e+08,6.0581e+07,1.1175e+07,0,1.1175e+07,5.2029e+07,1.2807e+08,2.2402e+08,3.5043e+08,5.0805e+08,6.8422e+08,8.9054e+08,1.1242e+09,1.3752e+09,1.6551e+09,1.9593e+09,2.2791e+09,7.6243e+09,8.1634e+09,8.721e+09,9.2845e+09,9.8533e+09,1.0436e+10,1.1028e+10,1.1619e+10,1.2218e+10,1.2829e+10,1.3436e+10,1.4045e+10,1.4661e+10,1.5278e+10,1.589e+10,1.6502e+10,1.7119e+10,1.7727e+10,1.8329e+10,1.8931e+10
5.5266e+10,5.3906e+10,5.2524e+10,5.1119e+10,4.9703e+10,4.8269e+10,4.6831e+10,4.538e+10,4.3932e+10,4.2477e+10,1.6292e+09,1.3115e+09,1.0365e+09,7.8872e+08,5.7584e+08,4.0188e+08,2.5315e+08,1.4318e+08,6.4241e+07,1.2417e+07,0,1.2417e+07,5.3931e+07,1.3277e+08,2.3298e+08,3.6306e+08,5.2717e+08,7.1053e+08,9.2348e+08,1.167e+09,1.4281e+09,1.7174e+09,2.0345e+09,2.3671e+09,7.9309e+09,8.4929e+09,9.0737e+09,9.663e+09,1.0257e+10,1.0865e+10,1.1484e+10,1.2103e+10,1.273e+10,1.3369e+10,1.4006e+10,1.4644e+10,1.529e+10,1.5939e+10,1.6583e+10,1.7227e+10,1.7876e+10,1.8518e+10,1.9154e+10,1.9789e+10
5.8314e+10,5.6833e+10,5.5329e+10,5.381e+10,5.228e+10,5.0737e+10,4.9193e+10,4.7639e+10,4.6091e+10,4.4539e+10,1.6914e+09,1.3617e+09,1.0756e+09,8.1961e+08,5.9787e+08,4.1781e+08,2.6398e+08,1.4831e+08,6.7792e+07,1.3909e+07,0,1.3909e+07,5.6343e+07,1.3763e+08,2.4224e+08,3.7616e+08,5.463e+08,7.3691e+08,9.5655e+08,1.2093e+09,1.4804e+09,1.7793e+09,2.1085e+09,2.4539e+09,8.2305e+09,8.815e+09,9.418e+09,1.0032e+10,1.0651e+10,1.1283e+10,1.1929e+10,1.2576e+10,1.3229e+10,1.3895e+10,1.4562e+10,1.5229e+10,1.5903e+10,1.6584e+10,1.7258e+10,1.7932e+10,1.8613e+10,1.9288e+10,1.9957e+10,2.0624e+10
6.128e+10,5.9679e+10,5.8058e+10,5.6427e+10,5.4786e+10,5.3138e+10,5.1489e+10,4.9835e+10,4.819e+10,4.6543e+10,1.7512e+09,1.4101e+09,1.113e+09,8.4932e+08,6.1927e+08,4.3298e+08,2.7448e+08,1.535e+08,7.1238e+07,1.5634e+07,0,1.5634e+07,5.923e+07,1.4262e+08,2.5177e+08,3.8968e+08,5.6541e+08,7.6331e+08,9.8969e+08,1.2512e+09,1.5323e+09,1.8406e+09,2.1814e+09,2.5394e+09,8.5232e+09,9.1296e+09,9.7542e+09,1.0393e+10,1.1036e+10,1.1692e+10,1.2363e+10,1.3036e+10,1.3715e+10,1.4408e+10,1.5103e+10,1.5799e+10,1.6501e+10,1.7211e+10,1.7916e+10,1.862e+10,1.9331e+10,2.0038e+10,2.0739e+10,2.1438e+10
4.2791e+10,4.1954e+10,4.1073e+10,4.0164e+10,3.9218e+10,3.825e+10,3.7253e+10,3.624e+10,3.5208e+10,3.4161e+10,1.4035e+09,1.1322e+09,8.9138e+08,6.8472e+08,4.9917e+08,3.4916e+08,2.2453e+08,1.2457e+08,6.0465e+07,1.625e+07,0,1.625e+07,5.0416e+07,1.1453e+08,2.0601e+08,3.1522e+08,4.5507e+08,6.1703e+08,7.9688e+08,1.0066e+09,1.2347e+09,1.48e+09,1.7535e+09,2.0428e+09,6.8082e+09,7.2865e+09,7.7755e+09,8.28e+09,8.7851e+09,9.2955e+09,9.819e+09,1.0344e+10,1.0869e+10,1.1402e+10,1.1941e+10,1.2474e+10,1.3007e+10,1.3548e+10,1.4083e+10,1.4612e+10,1.5142e+10,1.5672e+10,1.6191e+10,1.6702e+10
4.6199e+10,4.5224e+10,4.4211e+10,4.3172e+10,4.2099e+10,4.1009e+10,3.9893e+10,3.8765e+10,3.7619e+10,3.6465e+10,1.4687e+09,1.1855e+09,9.3208e+08,7.1609e+08,5.2224e+08,3.6363e+08,2.348e+08,1.3007e+08,6.2516e+07,1.7571e+07,0,1.7571e+07,5.4391e+07,1.2057e+08,2.1775e+08,3.3292e+08,4.7822e+08,6.498e+08,8.3885e+08,1.0577e+09,1.2986e+09,1.5562e+09,1.8423e+09,2.1474e+09,7.1622e+09,7.6675e+09,8.1831e+09,8.7155e+09,9.2503e+09,9.79e+09,1.0343e+10,1.0901e+10,1.1457e+10,1.2021e+10,1.2594e+10,1.3161e+10,1.3729e+10,1.4305e+10,1.4877e+10,1.5442e+10,1.6008e+10,1.6577e+10,1.7134e+10,1.7684e+10
5.0133e+10,4.8962e+10,4.7766e+10,4.6543e+10,4.5304e+10,4.4043e+10,4.2774e+10,4.1489e+10,4.0201e+10,3.8903e+10,1.5089e+09,1.2145e+09,9.6002e+08,7.2932e+08,5.3321e+08,3.7121e+08,2.3305e+08,1.327e+08,5.8246e+07,1.0586e+07,0,1.0586e+07,4.9942e+07,1.2323e+08,2.1537e+08,3.3706e+08,4.8863e+08,6.5777e+08,8.5617e+08,1.0806e+09,1.3214e+09,1.5901e+09,1.8818e+09,2.1883e+09,7.2924e+09,7.8049e+09,8.335e+09,8.8697e+09,9.4089e+09,9.9609e+09,1.0521e+10,1.108e+10,1.1645e+10,1.2221e+10,1.2793e+10,1.3365e+10,1.3945e+10,1.4524e+10,1.5096e+10,1.5668e+10,1.6244e+10,1.681e+10,1.7369e+10,1.7927e+10
5.3337e+10,5.2039e+10,5.0717e+10,4.9373e+10,4.8016e+10,4.664e+10,4.526e+10,4.3866e+10,4.2474e+10,4.1073e+10,1.5753e+09,1.2679e+09,1.002e+09,7.6228e+08,5.5649e+08,3.8837e+08,2.4447e+08,1.3837e+08,6.1987e+07,1.1823e+07,0,1.1823e+07,5.1841e+07,1.2804e+08,2.2451e+08,3.4996e+08,5.0822e+08,6.8472e+08,8.8991e+08,1.1244e+09,1.3755e+09,1.654e+09,1.959e+09,2.2786e+09,7.6074e+09,8.1435e+09,8.6974e+09,9.2586e+09,9.8239e+09,1.0402e+10,1.099e+10,1.1578e+10,1.2171e+10,1.2776e+10,1.3379e+10,1.3982e+10,1.4592e+10,1.5203e+10,1.5808e+10,1.6413e+10,1.7022e+10,1.7623e+10,1.8217e+10,1.8809e+10
5.6454e+10,5.5032e+10,5.3587e+10,5.2126e+10,5.0653e+10,4.9166e+10,4.7677e+10,4.6177e+10,4.4683e+10,4.3183e+10,1.6391e+09,1.3194e+09,1.0422e+09,7.9398e+08,5.7908e+08,4.0471e+08,2.5555e+08,1.4363e+08,6.5615e+07,1.3318e+07,0,1.3318e+07,5.4266e+07,1.33e+08,2.3396e+08,3.6334e+08,5.2782e+08,7.1173e+08,9.2378e+08,1.1679e+09,1.4292e+09,1.7175e+09,2.0349e+09,2.3676e+09,7.9152e+09,8.4743e+09,9.0511e+09,9.6382e+09,1.0229e+10,1.0832e+10,1.1448e+10,1.2063e+10,1.2684e+10,1.3318e+10,1.3951e+10,1.4583e+10,1.5222e+10,1.5866e+10,1.6502e+10,1.7139e+10,1.778e+10,1.8416e+10,1.9043e+10,1.9669e+10
5.9487e+10,5.7944e+10,5.6378e+10,5.4803e+10,5.3216e+10,5.1622e+10,5.0026e+10,4.8424e+10,4.683e+10,4.5233e+10,1.7005e+09,1.3691e+09,1.0806e+09,8.2445e+08,6.0102e+08,4.2029e+08,2.6631e+08,1.4894e+08,6.9136e+07,1.5055e+07,0,1.5055e+07,5.7182e+07,1.381e+08,2.4369e+08,3.7715e+08,5.4739e+08,7.3877e+08,9.5774e+08,1.2108e+09,1.4824e+09,1.7803e+09,2.1097e+09,2.4553e+09,8.2158e+09,8.7975e+09,9.3965e+09,1.0009e+10,1.0624e+10,1.1252e+10,1.1894e+10,1.2536e+10,1.3184e+10,1.3845e+10,1.4507e+10,1.5169e+10,1.5836e+10,1.6511e+10,1.7179e+10,1.7846e+10,1.8518e+10,1.9187e+10,1.9847e+10,2.0505e+10
6.2439e+10,6.0776e+10,5.9094e+10,5.7407e+10,5.571e+10,5.401e+10,5.231e+10,5.0609e+10,4.8917e+10,4.7227e+10,1.7595e+09,1.417e+09,1.1172e+09,8.5373e+08,6.223e+08,4.351e+08,2.7673e+08,1.5435e+08,7.2532e+07,1.6997e+07,0,1.6997e+07,6.0537e+07,1.4331e+08,2.5366e+08,3.9134e+08,5.6692e+08,7.658e+08,9.9172e+08,1.2533e+09,1.535e+09,1.8426e+09,2.1833e+09,2.5417e+09,8.5096e+09,9.1134e+09,9.734e+09,1.037e+10,1.101e+10,1.1662e+10,1.2329e+10,1.2998e+10,1.3672e+10,1.4359e+10,1.505e+10,1.574e+10,1.6435e+10,1.7139e+10,1.7837e+10,1.8534e+10,1.9237e+10,1.9937e+10,2.063e+10,2.132e+10
4.1425e+10,4.066e+10,3.9847e+10,3.9003e+10,3.812e+10,3.7212e+10,3.6274e+10,3.5314e+10,3.4336e+10,3.3338e+10,1.3933e+09,1.1236e+09,8.8593e+08,6.7996e+08,4.9571e+08,3.4771e+08,2.2268e+08,1.2382e+08,6.0069e+07,1.5303e+07,0,1.5303e+07,4.8825e+07,1.1379e+08,2.0336e+08,3.1189e+08,4.5205e+08,6.1197e+08,7.9116e+08,1.0008e+09,1.2269e+09,1.4716e+09,1.745e+09,2.0324e+09,6.7962e+09,7.275e+09,7.7658e+09,8.2715e+09,8.7774e+09,9.2899e+09,9.8162e+09,1.0343e+10,1.087e+10,1.1406e+10,1.1948e+10,1.2484e+10,1.3022e+10,1.3567e+10,1.4105e+10,1.4639e+10,1.5175e+10,1.571e+10,1.6233e+10,1.6751e+10
4.4851e+10,4.3947e+10,4.3001e+10,4.2026e+10,4.1016e+10,3.9986e+10,3.8927e+10,3.7853e+10,3.6761e+10,3.5655e+10,1.4599e+09,1.178e+09,9.2734e+08,7.1232e+08,5.1944e+08,3.6309e+08,2.3357e+08,1.2962e+08,6.2704e+07,1.6924e+07,0,1.6924e+07,5.2833e+07,1.1958e+08,2.1517e+08,3.2941e+08,4.7522e+08,6.4462e+08,8.3277e+08,1.0518e+09,1.2906e+09,1.5474e+09,1.8335e+09,2.1367e+09,7.1496e+09,7.6554e+09,8.1726e+09,8.7065e+09,9.2421e+09,9.7837e+09,1.034e+10,1.0899e+10,1.1458e+10,1.2025e+10,1.2601e+10,1.3171e+10,1.3743e+10,1.4323e+10,1.4898e+10,1.5469e+10,1.604e+10,1.6614e+10,1.7176e+10,1.7733e+10
4.8183e+10,4.7143e+10,4.6067e+10,4.4966e+10,4.3832e+10,4.2682e+10,4.1507e+10,4.0321e+10,3.9117e+10,3.7907e+10,1.5232e+09,1.2297e+09,9.6691e+08,7.4276e+08,5.4183e+08,3.7705e+08,2.435e+08,1.3493e+08,6.462e+07,1.8181e+07,0,1.8181e+07,5.6721e+07,1.255e+08,2.2662e+08,3.4671e+08,4.9782e+08,6.7661e+08,8.7376e+08,1.1016e+09,1.3529e+09,1.6218e+09,1.92e+09,2.2388e+09,7.4943e+09,8.0264e+09,8.5695e+09,9.1305e+09,9.695e+09,1.0265e+10,1.0849e+10,1.144e+10,1.203e+10,1.2628e+10,1.3237e+10,1.384e+10,1.4446e+10,1.5059e+10,1.567e+10,1.6276e+10,1.6883e+10,1.7493e+10,1.8093e+10,1.8688e+10
5.2048e+10,5.0816e+10,4.9559e+10,4.8276e+10,4.6979e+10,4.5659e+10,4.4333e+10,4.2992e+10,4.1649e+10,4.0297e+10,1.5625e+09,1.2578e+09,9.9425e+08,7.5559e+08,5.5241e+08,3.8466e+08,2.4168e+08,1.375e+08,6.0494e+07,1.1153e+07,0,1.1153e+07,5.1955e+07,1.279e+08,2.2371e+08,3.4996e+08,5.0737e+08,6.8329e+08,8.8933e+08,1.1227e+09,1.3733e+09,1.6528e+09,1.9566e+09,2.2759e+09,7.613e+09,8.1512e+09,8.708e+09,9.2705e+09,9.8383e+09,1.042e+10,1.1011e+10,1.1601e+10,1.2199e+10,1.2808e+10,1.3415e+10,1.4022e+10,1.4637e+10,1.5253e+10,1.5863e+10,1.6474e+10,1.709e+10,1.7697e+10,1.8297e+10,1.8898e+10
5.5181e+10,5.3824e+10,5.2444e+10,5.1043e+10,4.963e+10,4.8198e+10,4.6763e+10,4.5315e+10,4.387e+10,4.2418e+10,1.6272e+09,1.3098e+09,1.0352e+09,7.8773e+08,5.7511e+08,4.0138e+08,2.5283e+08,1.4301e+08,6.4155e+07,1.2393e+07,0,1.2393e+07,5.3855e+07,1.326e+08,2.3267e+08,3.6259e+08,5.2649e+08,7.096e+08,9.2228e+08,1.1655e+09,1.4262e+09,1.7152e+09,2.0318e+09,2.364e+09,7.9196e+09,8.4808e+09,9.0607e+09,9.649e+09,1.0242e+10,1.0849e+10,1.1467e+10,1.2085e+10,1.2711e+10,1.3348e+10,1.3985e+10,1.4622e+10,1.5266e+10,1.5914e+10,1.6556e+10,1.7199e+10,1.7847e+10,1.8488e+10,1.9122e+10,1.9756e+10
5.8229e+10,5.6751e+10,5.525e+10,5.3734e+10,5.2207e+10,5.0667e+10,4.9125e+10,4.7574e+10,4.6029e+10,4.4479e+10,1.6894e+09,1.36e+09,1.0743e+09,8.1862e+08,5.9715e+08,4.1731e+08,2.6365e+08,1.4813e+08,6.7706e+07,1.3883e+07,0,1.3883e+07,5.6263e+07,1.3746e+08,2.4192e+08,3.7568e+08,5.4561e+08,7.3597e+08,9.5533e+08,1.2078e+09,1.4785e+09,1.777e+09,2.1058e+09,2.4508e+09,8.2192e+09,8.8028e+09,9.405e+09,1.0018e+10,1.0637e+10,1.1267e+10,1.1912e+10,1.2558e+10,1.3209e+10,1.3875e+10,1.454e+10,1.5206e+10,1.588e+10,1.6558e+10,1.7232e+10,1.7905e+10,1.8584e+10,1.9258e+10,1.9925e+10,2.0591e+10
6.1195e+10,5.9597e+10,5.7979e+10,5.6351e+10,5.4713e+10,5.3067e+10,5.1421e+10,4.977e+10,4.8127e+10,4.6483e+10,1.7492e+09,1.4085e+09,1.1117e+09,8.4833e+08,6.1854e+08,4.3248e+08,2.7415e+08,1.5332e+08,7.1152e+07,1.5607e+07,0,1.5607e+07,5.9147e+07,1.4244e+08,2.5145e+08,3.8919e+08,5.6472e+08,7.6237e+08,9.8847e+08,1.2497e+09,1.5304e+09,1.8383e+09,2.1787e+09,2.5362e+09,8.5119e+09,9.1174e+09,9.7411e+09,1.0379e+10,1.1021e+10,1.1676e+10,1.2346e+10,1.3018e+10,1.3696e+10,1.4388e+10,1.5082e+10,1.5776e+10,1.6477e+10,1.7186e+10,1.7889e+10,1.8592e+10,1.9302e+10,2.0008e+10,2.0707e+10,2.1405e+10
4.2748e+10,4.1913e+10,4.1034e+10,4.0126e+10,3.9181e+10,3.8214e+10,3.7219e+10,3.6207e+10,3.5176e+10,3.4131e+10,1.4025e+09,1.1314e+09,8.9075e+08,6.8424e+08,4.9882e+08,3.4892e+08,2.2437e+08,1.2448e+08,6.0427e+07,1.6238e+07,0,1.6238e+07,5.0374e+07,1.1444e+08,2.0585e+08,3.1497e+08,4.5472e+08,6.1656e+08,7.9626e+08,1.0058e+09,1.2337e+09,1.4788e+09,1.7522e+09,2.0412e+09,6.8026e+09,7.2805e+09,7.769e+09,8.2731e+09,8.7776e+09,9.2875e+09,9.8106e+09,1.0336e+10,1.086e+10,1.1392e+10,1.193e+10,1.2462e+10,1.2996e+10,1.3536e+10,1.407e+10,1.4599e+10,1.5128e+10,1.5657e+10,1.6175e+10,1.6686e+10
4.6156e+10,4.5183e+10,4.4171e+10,4.3133e+10,4.2062e+10,4.0974e+10,3.9859e+10,3.8733e+10,3.7588e+10,3.6435e+10,1.4677e+09,1.1847e+09,9.3145e+08,7.156e+08,5.2188e+08,3.6338e+08,2.3464e+08,1.2998e+08,6.2479e+07,1.756e+07,0,1.756e+07,5.4348e+07,1.2048e+08,2.1759e+08,3.3267e+08,4.7787e+08,6.4932e+08,8.3823e+08,1.0569e+09,1.2976e+09,1.5551e+09,1.8409e+09,2.1458e+09,7.1565e+09,7.6614e+09,8.1765e+09,8.7084e+09,9.2427e+09,9.7819e+09,1.0334e+10,1.0891e+10,1.1448e+10,1.2011e+10,1.2583e+10,1.315e+10,1.3717e+10,1.4292e+10,1.4863e+10,1.5428e+10,1.5994e+10,1.6561e+10,1.7118e+10,1.7668e+10
5.009e+10,4.8921e+10,4.7727e+10,4.6505e+10,4.5268e+10,4.4008e+10,4.274e+10,4.1456e+10,4.017e+10,3.8874e+10,1.5079e+09,1.2137e+09,9.5938e+08,7.2883e+08,5.3285e+08,3.7096e+08,2.3288e+08,1.3261e+08,5.8204e+07,1.0575e+07,0,1.0575e+07,4.9906e+07,1.2315e+08,2.1521e+08,3.3682e+08,4.8829e+08,6.5732e+08,8.5557e+08,1.0798e+09,1.3204e+09,1.589e+09,1.8805e+09,2.1867e+09,7.2869e+09,7.7989e+09,8.3286e+09,8.8628e+09,9.4015e+09,9.9531e+09,1.0513e+10,1.1071e+10,1.1636e+10,1.2211e+10,1.2783e+10,1.3354e+10,1.3933e+10,1.4511e+10,1.5083e+10,1.5654e+10,1.623e+10,1.6795e+10,1.7353e+10,1.7911e+10
5.3295e+10,5.1999e+10,5.0678e+10,4.9335e+10,4.798e+10,4.6605e+10,4.5227e+10,4.3834e+10,4.2443e+10,4.1044e+10,1.5743e+09,1.2671e+09,1.0014e+09,7.618e+08,5.5613e+08,3.8812e+08,2.4431e+08,1.3828e+08,6.1944e+07,1.1811e+07,0,1.1811e+07,5.1804e+07,1.2795e+08,2.2435e+08,3.4973e+08,5.0789e+08,6.8427e+08,8.8932e+08,1.1237e+09,1.3746e+09,1.6529e+09,1.9577e+09,2.2771e+09,7.6019e+09,8.1375e+09,8.691e+09,9.2518e+09,9.8166e+09,1.0394e+10,1.0982e+10,1.1569e+10,1.2162e+10,1.2767e+10,1.3369e+10,1.3971e+10,1.458e+10,1.5191e+10,1.5795e+10,1.64e+10,1.7008e+10,1.7609e+10,1.8202e+10,1.8793e+10
5.6413e+10,5.4992e+10,5.3548e+10,5.2088e+10,5.0617e+10,4.9131e+10,4.7643e+10,4.6145e+10,4.4652e+10,4.3153e+10,1.6382e+09,1.3186e+09,1.0416e+09,7.9349e+08,5.7873e+08,4.0447e+08,2.5539e+08,1.4355e+08,6.5573e+07,1.3306e+07,0,1.3306e+07,5.4227e+07,1.3291e+08,2.338e+08,3.631e+08,5.2748e+08,7.1128e+08,9.2319e+08,1.1671e+09,1.4283e+09,1.7163e+09,2.0336e+09,2.3661e+09,7.9097e+09,8.4684e+09,9.0448e+09,9.6314e+09,1.0222e+10,1.0824e+10,1.1439e+10,1.2054e+10,1.2675e+10,1.3308e+10,1.394e+10,1.4572e+10,1.521e+10,1.5853e+10,1.649e+10,1.7125e+10,1.7766e+10,1.8401e+10,1.9027e+10,1.9653e+10
5.9446e+10,5.7903e+10,5.6339e+10,5.4765e+10,5.3181e+10,5.1587e+10,4.9993e+10,4.8392e+10,4.6799e+10,4.5204e+10,1.6995e+09,1.3683e+09,1.0799e+09,8.2397e+08,6.0067e+08,4.2004e+08,2.6615e+08,1.4885e+08,6.9094e+07,1.5042e+07,0,1.5042e+07,5.7141e+07,1.3801e+08,2.4354e+08,3.7691e+08,5.4705e+08,7.3831e+08,9.5714e+08,1.2101e+09,1.4815e+09,1.7792e+09,2.1084e+09,2.4538e+09,8.2103e+09,8.7916e+09,9.3901e+09,1.0002e+10,1.0617e+10,1.1244e+10,1.1885e+10,1.2527e+10,1.3175e+10,1.3835e+10,1.4497e+10,1.5158e+10,1.5825e+10,1.6498e+10,1.7166e+10,1.7832e+10,1.8504e+10,1.9172e+10,1.9831e+10,2.0489e+10
6.2397e+10,6.0736e+10,5.9055e+10,5.737e+10,5.5674e+10,5.3976e+10,5.2277e+10,5.0578e+10,4.8887e+10,4.7198e+10,1.7585e+09,1.4162e+09,1.1166e+09,8.5325e+08,6.2195e+08,4.3485e+08,2.7657e+08,1.5426e+08,7.249e+07,1.6983e+07,0,1.6983e+07,6.0495e+07,1.4322e+08,2.5351e+08,3.911e+08,5.6658e+08,7.6533e+08,9.9113e+08,1.2525e+09,1.5341e+09,1.8415e+09,2.182e+09,2.5401e+09,8.5041e+09,9.1074e+09,9.7276e+09,1.0363e+10,1.1003e+10,1.1654e+10,1.2321e+10,1.2989e+10,1.3663e+10,1.4349e+10,1.5039e+10,1.5728e+10,1.6423e+10,1.7127e+10,1.7824e+10,1.8521e+10,1.9223e+10,1.9923e+10,2.0614e+10,2.1303e+10
4.397e+10,4.3068e+10,4.2127e+10,4.1159e+10,4.0156e+10,3.9135e+10,3.8087e+10,3.7025e+10,3.5944e+10,3.4854e+10,1.4088e+09,1.1369e+09,8.9388e+08,6.8683e+08,5.0075e+08,3.4895e+08,2.2526e+08,1.2474e+08,6.0221e+07,1.6885e+07,0,1.6885e+07,5.1804e+07,1.1515e+08,2.08e+08,3.1778e+08,4.5677e+08,6.2043e+08,8.0062e+08,1.0096e+09,1.2392e+09,1.4845e+09,1.7572e+09,2.0476e+09,6.8003e+09,7.2766e+09,7.7623e+09,8.2637e+09,8.7662e+09,9.2728e+09,9.7917e+09,1.0314e+10,1.0835e+10,1.1361e+10,1.1895e+10,1.2424e+10,1.2951e+10,1.3485e+10,1.4015e+10,1.4537e+10,1.5059e+10,1.5582e+10,1.6092e+10,1.6595e+10
4.7977e+10,4.6876e+10,4.575e+10,4.4595e+10,4.3424e+10,4.2228e+10,4.1025e+10,3.9803e+10,3.8578e+10,3.7343e+10,1.4499e+09,1.1668e+09,9.2231e+08,7.0037e+08,5.1208e+08,3.5638e+08,2.2352e+08,1.2741e+08,5.5746e+07,9.9548e+06,0,9.9548e+06,4.7761e+07,1.1814e+08,2.0624e+08,3.2298e+08,4.6816e+08,6.299e+08,8.1997e+08,1.0346e+09,1.2646e+09,1.5217e+09,1.8002e+09,2.0926e+09,6.9433e+09,7.4279e+09,7.929e+09,8.4335e+09,8.9416e+09,9.4617e+09,9.9884e+09,1.0513e+10,1.1044e+10,1.1583e+10,1.2118e+10,1.2652e+10,1.3193e+10,1.3731e+10,1.4262e+10,1.4792e+10,1.5325e+10,1.5847e+10,1.6361e+10,1.6873e+10
5.1255e+10,5.0025e+10,4.877e+10,4.7491e+10,4.6199e+10,4.4887e+10,4.3569e+10,4.2237e+10,4.0905e+10,3.9564e+10,1.5181e+09,1.2216e+09,9.6547e+08,7.3421e+08,5.3596e+08,3.7401e+08,2.3523e+08,1.3327e+08,5.9569e+07,1.1178e+07,0,1.1178e+07,4.964e+07,1.2304e+08,2.1555e+08,3.3614e+08,4.8822e+08,6.5748e+08,8.5451e+08,1.0795e+09,1.3201e+09,1.5872e+09,1.8794e+09,2.1852e+09,7.2669e+09,7.7757e+09,8.3014e+09,8.8331e+09,9.3681e+09,9.9146e+09,1.0471e+10,1.1025e+10,1.1584e+10,1.2154e+10,1.2721e+10,1.3286e+10,1.3858e+10,1.443e+10,1.4995e+10,1.5559e+10,1.6126e+10,1.6684e+10,1.7234e+10,1.7781e+10
5.4444e+10,5.3087e+10,5.1706e+10,5.0308e+10,4.8897e+10,4.7472e+10,4.6043e+10,4.4603e+10,4.3166e+10,4.1724e+10,1.5836e+09,1.2744e+09,1.0067e+09,7.6675e+08,5.5914e+08,3.908e+08,2.4658e+08,1.3868e+08,6.3279e+07,1.2669e+07,0,1.2669e+07,5.2061e+07,1.281e+08,2.2519e+08,3.4979e+08,5.0828e+08,6.8512e+08,8.8919e+08,1.124e+09,1.3751e+09,1.6522e+09,1.9573e+09,2.2765e+09,7.5831e+09,8.1156e+09,8.6649e+09,9.2232e+09,9.7844e+09,1.0357e+10,1.0941e+10,1.1524e+10,1.2111e+10,1.271e+10,1.3308e+10,1.3904e+10,1.4506e+10,1.5111e+10,1.5709e+10,1.6305e+10,1.6906e+10,1.7499e+10,1.8083e+10,1.8665e+10
5.7547e+10,5.6066e+10,5.4562e+10,5.3047e+10,5.1521e+10,4.9985e+10,4.8447e+10,4.6903e+10,4.5364e+10,4.3823e+10,1.6467e+09,1.3254e+09,1.0462e+09,7.9803e+08,5.8164e+08,4.068e+08,2.5761e+08,1.441e+08,6.6877e+07,1.4409e+07,0,1.4409e+07,5.499e+07,1.3331e+08,2.3511e+08,3.6388e+08,5.2833e+08,7.1279e+08,9.2395e+08,1.1681e+09,1.4296e+09,1.7167e+09,2.034e+09,2.3665e+09,7.8919e+09,8.4477e+09,9.0198e+09,9.6039e+09,1.0191e+10,1.0788e+10,1.1399e+10,1.201e+10,1.2625e+10,1.3252e+10,1.388e+10,1.4506e+10,1.5137e+10,1.5774e+10,1.6404e+10,1.7032e+10,1.7665e+10,1.8292e+10,1.891e+10,1.9526e+10
6.0566e+10,5.8963e+10,5.734e+10,5.5711e+10,5.4071e+10,5.2428e+10,5.0784e+10,4.9138e+10,4.75e+10,4.5863e+10,1.7072e+09,1.3746e+09,1.0838e+09,8.2808e+08,6.0347e+08,4.2202e+08,2.6829e+08,1.4963e+08,7.0357e+07,1.6371e+07,0,1.6371e+07,5.8381e+07,1.3864e+08,2.4529e+08,3.7838e+08,5.4833e+08,7.4046e+08,9.5875e+08,1.2116e+09,1.4836e+09,1.7805e+09,2.1095e+09,2.4551e+09,8.1936e+09,8.772e+09,9.3663e+09,9.9753e+09,1.0587e+10,1.1209e+10,1.1846e+10,1.2484e+10,1.3127e+10,1.3781e+10,1.4438e+10,1.5093e+10,1.5753e+10,1.642e+10,1.7081e+10,1.774e+10,1.8403e+10,1.9063e+10,1.9715e+10,2.0363e+10
6.3502e+10,6.178e+10,6.0042e+10,5.8302e+10,5.6552e+10,5.4804e+10,5.3056e+10,5.1312e+10,4.9576e+10,4.7846e+10,1.7651e+09,1.4217e+09,1.1196e+09,8.5661e+08,6.243e+08,4.3614e+08,2.783e+08,1.5492e+08,7.3368e+07,1.8185e+07,0,1.8185e+07,6.1851e+07,1.4372e+08,2.5535e+08,3.9288e+08,5.6792e+08,7.6774e+08,9.9321e+08,1.2543e+09,1.5366e+09,1.8434e+09,2.1834e+09,2.5419e+09,8.4879e+09,9.0885e+09,9.7046e+09,1.0338e+10,1.0974e+10,1.162e+10,1.2282e+10,1.2947e+10,1.3615e+10,1.4295e+10,1.4981e+10,1.5664e+10,1.6352e+10,1.7049e+10,1.774e+10,1.8429e+10,1.9122e+10,1.9815e+10,2.0498e+10,2.1178e+10
4.2619e+10,4.1788e+10,4.0914e+10,4.001e+10,3.907e+10,3.8108e+10,3.7117e+10,3.6109e+10,3.5082e+10,3.404e+10,1.3995e+09,1.129e+09,8.8884e+08,6.8277e+08,4.9774e+08,3.4819e+08,2.2389e+08,1.2422e+08,6.031e+07,1.62e+07,0,1.62e+07,5.0244e+07,1.1418e+08,2.0537e+08,3.1423e+08,4.5368e+08,6.1513e+08,7.9441e+08,1.0035e+09,1.2309e+09,1.4754e+09,1.7481e+09,2.0364e+09,6.7857e+09,7.2622e+09,7.7494e+09,8.252e+09,8.7551e+09,9.2635e+09,9.7851e+09,1.0308e+10,1.0831e+10,1.1361e+10,1.1898e+10,1.2429e+10,1.296e+10,1.3498e+10,1.4031e+10,1.4557e+10,1.5085e+10,1.5612e+10,1.6128e+10,1.6637e+10
4.6028e+10,4.5059e+10,4.4052e+10,4.3019e+10,4.1952e+10,4.0868e+10,3.9757e+10,3.8635e+10,3.7494e+10,3.6345e+10,1.4647e+09,1.1823e+09,9.2955e+08,7.1416e+08,5.2082e+08,3.6267e+08,2.3418e+08,1.2972e+08,6.2369e+07,1.7526e+07,0,1.7526e+07,5.4219e+07,1.2021e+08,2.1711e+08,3.3193e+08,4.7684e+08,6.4791e+08,8.3639e+08,1.0546e+09,1.2948e+09,1.5517e+09,1.8368e+09,2.1411e+09,7.1396e+09,7.6432e+09,8.157e+09,8.6875e+09,9.2204e+09,9.7581e+09,1.0309e+10,1.0865e+10,1.1419e+10,1.1981e+10,1.2551e+10,1.3116e+10,1.3682e+10,1.4255e+10,1.4824e+10,1.5387e+10,1.5951e+10,1.6517e+10,1.7071e+10,1.7619e+10
4.9963e+10,4.8799e+10,4.7609e+10,4.6391e+10,4.5159e+10,4.3903e+10,4.2639e+10,4.1359e+10,4.0077e+10,3.8785e+10,1.5049e+09,1.2113e+09,9.5746e+08,7.2736e+08,5.3178e+08,3.7021e+08,2.324e+08,1.3235e+08,5.8076e+07,1.0542e+07,0,1.0542e+07,4.9798e+07,1.2289e+08,2.1476e+08,3.3613e+08,4.8729e+08,6.5595e+08,8.5381e+08,1.0776e+09,1.3177e+09,1.5857e+09,1.8766e+09,2.1821e+09,7.2703e+09,7.7811e+09,8.3094e+09,8.8422e+09,9.3795e+09,9.9296e+09,1.0488e+10,1.1044e+10,1.1608e+10,1.2182e+10,1.2751e+10,1.3321e+10,1.3898e+10,1.4475e+10,1.5044e+10,1.5614e+10,1.6187e+10,1.6751e+10,1.7307e+10,1.7862e+10
5.3169e+10,5.1877e+10,5.0561e+10,4.9222e+10,4.7871e+10,4.6501e+10,4.5126e+10,4.3737e+10,4.235e+10,4.0955e+10,1.5713e+09,1.2647e+09,9.9948e+08,7.6033e+08,5.5507e+08,3.8737e+08,2.4383e+08,1.3802e+08,6.1817e+07,1.1776e+07,0,1.1776e+07,5.1691e+07,1.277e+08,2.239e+08,3.4903e+08,5.0688e+08,6.8289e+08,8.8755e+08,1.1214e+09,1.3718e+09,1.6496e+09,1.9537e+09,2.2724e+09,7.5853e+09,8.1197e+09,8.6719e+09,9.2312e+09,9.7946e+09,1.037e+10,1.0957e+10,1.1542e+10,1.2134e+10,1.2737e+10,1.3337e+10,1.3938e+10,1.4545e+10,1.5154e+10,1.5757e+10,1.6359e+10,1.6966e+10,1.7564e+10,1.8155e+10,1.8745e+10
5.6287e+10,5.487e+10,5.3431e+10,5.1976e+10,5.0508e+10,4.9027e+10,4.7543e+10,4.6049e+10,4.456e+10,4.3065e+10,1.6352e+09,1.3161e+09,1.0397e+09,7.9204e+08,5.7767e+08,4.0373e+08,2.5491e+08,1.4328e+08,6.5446e+07,1.3268e+07,0,1.3268e+07,5.4109e+07,1.3266e+08,2.3334e+08,3.624e+08,5.2647e+08,7.099e+08,9.2141e+08,1.1649e+09,1.4255e+09,1.713e+09,2.0296e+09,2.3614e+09,7.8931e+09,8.4505e+09,9.0256e+09,9.6108e+09,1.02e+10,1.0801e+10,1.1414e+10,1.2028e+10,1.2647e+10,1.3278e+10,1.3909e+10,1.4539e+10,1.5175e+10,1.5817e+10,1.6451e+10,1.7085e+10,1.7724e+10,1.8356e+10,1.8981e+10,1.9604e+10
5.932e+10,5.7782e+10,5.6223e+10,5.4653e+10,5.3072e+10,5.1483e+10,4.9893e+10,4.8296e+10,4.6707e+10,4.5116e+10,1.6966e+09,1.3658e+09,1.078e+09,8.2251e+08,5.996e+08,4.193e+08,2.6567e+08,1.4859e+08,6.8967e+07,1.5001e+07,0,1.5001e+07,5.7019e+07,1.3776e+08,2.4307e+08,3.762e+08,5.4604e+08,7.3692e+08,9.5535e+08,1.2078e+09,1.4787e+09,1.7759e+09,2.1044e+09,2.4491e+09,8.1937e+09,8.7737e+09,9.3709e+09,9.9812e+09,1.0595e+10,1.122e+10,1.186e+10,1.2501e+10,1.3147e+10,1.3805e+10,1.4465e+10,1.5124e+10,1.579e+10,1.6461e+10,1.7127e+10,1.7792e+10,1.8462e+10,1.9127e+10,1.9785e+10,2.0441e+10
6.2271e+10,6.0615e+10,5.8939e+10,5.7257e+10,5.5566e+10,5.3872e+10,5.2177e+10,5.0482e+10,4.8795e+10,4.711e+10,1.7556e+09,1.4138e+09,1.1147e+09,8.518e+08,6.2088e+08,4.3412e+08,2.761e+08,1.54e+08,7.2365e+07,1.6942e+07,0,1.6942e+07,6.0369e+07,1.4296e+08,2.5304e+08,3.9038e+08,5.6556e+08,7.6394e+08,9.8932e+08,1.2503e+09,1.5313e+09,1.8381e+09,2.178e+09,2.5355e+09,8.4874e+09,9.0895e+09,9.7083e+09,1.0343e+10,1.0981e+10,1.163e+10,1.2295e+10,1.2962e+10,1.3634e+10,1.4319e+10,1.5008e+10,1.5695e+10,1.6388e+10,1.709e+10,1.7785e+10,1.848e+10,1.918e+10,1.9878e+10,2.0567e+10,2.1255e+10
4.3886e+10,4.2987e+10,4.2049e+10,4.1084e+10,4.0084e+10,3.9065e+10,3.802e+10,3.6961e+10,3.5883e+10,3.4795e+10,1.4068e+09,1.1353e+09,8.9264e+08,6.8588e+08,5.0005e+08,3.4847e+08,2.2495e+08,1.2457e+08,6.0148e+07,1.6862e+07,0,1.6862e+07,5.1719e+07,1.1498e+08,2.0769e+08,3.1729e+08,4.5609e+08,6.1949e+08,7.9941e+08,1.0081e+09,1.2373e+09,1.4822e+09,1.7546e+09,2.0445e+09,6.7892e+09,7.2647e+09,7.7495e+09,8.25e+09,8.7516e+09,9.2572e+09,9.775e+09,1.0296e+10,1.0816e+10,1.1341e+10,1.1875e+10,1.2401e+10,1.2928e+10,1.3461e+10,1.3989e+10,1.451e+10,1.5031e+10,1.5552e+10,1.6062e+10,1.6563e+10
4.7893e+10,4.6795e+10,4.5672e+10,4.452e+10,4.3351e+10,4.2159e+10,4.0958e+10,3.9739e+10,3.8517e+10,3.7284e+10,1.4479e+09,1.1652e+09,9.2104e+08,6.994e+08,5.1138e+08,3.5588e+08,2.232e+08,1.2724e+08,5.5661e+07,9.9333e+06,0,9.9333e+06,4.7691e+07,1.1797e+08,2.0594e+08,3.2253e+08,4.675e+08,6.29e+08,8.188e+08,1.0331e+09,1.2628e+09,1.5195e+09,1.7976e+09,2.0895e+09,6.9324e+09,7.4161e+09,7.9164e+09,8.4199e+09,8.9271e+09,9.4462e+09,9.972e+09,1.0496e+10,1.1025e+10,1.1564e+10,1.2097e+10,1.263e+10,1.317e+10,1.3707e+10,1.4237e+10,1.4766e+10,1.5297e+10,1.5818e+10,1.633e+10,1.6841e+10
5.1172e+10,4.9945e+10,4.8693e+10,4.7417e+10,4.6128e+10,4.4818e+10,4.3503e+10,4.2173e+10,4.0844e+10,3.9506e+10,1.5161e+09,1.22e+09,9.6422e+08,7.3325e+08,5.3526e+08,3.7352e+08,2.3491e+08,1.331e+08,5.9486e+07,1.1155e+07,0,1.1155e+07,4.9566e+07,1.2287e+08,2.1525e+08,3.3568e+08,4.8756e+08,6.5658e+08,8.5335e+08,1.078e+09,1.3183e+09,1.585e+09,1.8768e+09,2.1822e+09,7.2561e+09,7.764e+09,8.2889e+09,8.8196e+09,9.3537e+09,9.8992e+09,1.0454e+10,1.1007e+10,1.1566e+10,1.2135e+10,1.27e+10,1.3264e+10,1.3835e+10,1.4406e+10,1.497e+10,1.5532e+10,1.6098e+10,1.6655e+10,1.7203e+10,1.775e+10
5.4361e+10,5.3007e+10,5.1629e+10,5.0234e+10,4.8826e+10,4.7403e+10,4.5977e+10,4.4539e+10,4.3105e+10,4.1665e+10,1.5817e+09,1.2728e+09,1.0055e+09,7.6578e+08,5.5844e+08,3.9031e+08,2.4627e+08,1.3851e+08,6.3195e+07,1.2644e+07,0,1.2644e+07,5.1984e+07,1.2793e+08,2.2488e+08,3.4932e+08,5.0761e+08,6.8421e+08,8.8801e+08,1.1225e+09,1.3733e+09,1.65e+09,1.9547e+09,2.2735e+09,7.5722e+09,8.1038e+09,8.6523e+09,9.2097e+09,9.7699e+09,1.0341e+10,1.0924e+10,1.1506e+10,1.2093e+10,1.2691e+10,1.3287e+10,1.3882e+10,1.4483e+10,1.5087e+10,1.5683e+10,1.6278e+10,1.6878e+10,1.7469e+10,1.8053e+10,1.8633e+10
5.7464e+10,5.5986e+10,5.4485e+10,5.2973e+10,5.1449e+10,4.9916e+10,4.8381e+10,4.6839e+10,4.5303e+10,4.3765e+10,1.6447e+09,1.3238e+09,1.0449e+09,7.9707e+08,5.8094e+08,4.0631e+08,2.5729e+08,1.4393e+08,6.6793e+07,1.4382e+07,0,1.4382e+07,5.4909e+07,1.3314e+08,2.3481e+08,3.6342e+08,5.2766e+08,7.1188e+08,9.2277e+08,1.1666e+09,1.4278e+09,1.7145e+09,2.0314e+09,2.3634e+09,7.881e+09,8.4359e+09,9.0071e+09,9.5903e+09,1.0176e+10,1.0773e+10,1.1383e+10,1.1993e+10,1.2607e+10,1.3233e+10,1.3859e+10,1.4484e+10,1.5114e+10,1.575e+10,1.6378e+10,1.7005e+10,1.7637e+10,1.8262e+10,1.8879e+10,1.9494e+10
6.0483e+10,5.8883e+10,5.7263e+10,5.5637e+10,5.4e+10,5.236e+10,5.0719e+10,4.9075e+10,4.744e+10,4.5805e+10,1.7053e+09,1.373e+09,1.0826e+09,8.2713e+08,6.0278e+08,4.2153e+08,2.6798e+08,1.4946e+08,7.0274e+07,1.6344e+07,0,1.6344e+07,5.8299e+07,1.3847e+08,2.4499e+08,3.7791e+08,5.4766e+08,7.3955e+08,9.5757e+08,1.2101e+09,1.4818e+09,1.7783e+09,2.1069e+09,2.452e+09,8.1827e+09,8.7603e+09,9.3537e+09,9.9618e+09,1.0573e+10,1.1194e+10,1.183e+10,1.2467e+10,1.3108e+10,1.3761e+10,1.4417e+10,1.5071e+10,1.573e+10,1.6396e+10,1.7055e+10,1.7713e+10,1.8375e+10,1.9034e+10,1.9684e+10,2.0331e+10
6.342e+10,6.1701e+10,5.9965e+10,5.8228e+10,5.6481e+10,5.4736e+10,5.2991e+10,5.1249e+10,4.9516e+10,4.7788e+10,1.7631e+09,1.4202e+09,1.1184e+09,8.5566e+08,6.2361e+08,4.3566e+08,2.7799e+08,1.5474e+08,7.3289e+07,1.816e+07,0,1.816e+07,6.1769e+07,1.4355e+08,2.5505e+08,3.9241e+08,5.6725e+08,7.6683e+08,9.9203e+08,1.2528e+09,1.5348e+09,1.8412e+09,2.1808e+09,2.5389e+09,8.4771e+09,9.0768e+09,9.692e+09,1.0324e+10,1.0959e+10,1.1605e+10,1.2266e+10,1.2929e+10,1.3597e+10,1.4275e+10,1.496e+10,1.5642e+10,1.6329e+10,1.7024e+10,1.7715e+10,1.8402e+10,1.9094e+10,1.9785e+10,2.0467e+10,2.1146e+10
4.5666e+10,4.4642e+10,4.3591e+10,4.251e+10,4.1412e+10,4.0288e+10,3.9155e+10,3.8002e+10,3.6845e+10,3.5676e+10,1.3875e+09,1.1164e+09,8.8244e+08,6.6975e+08,4.8977e+08,3.4068e+08,2.1344e+08,1.2182e+08,5.3079e+07,9.2862e+06,0,9.2862e+06,4.5496e+07,1.1279e+08,1.9666e+08,3.0823e+08,4.4666e+08,6.0061e+08,7.8198e+08,9.8621e+08,1.2049e+09,1.4498e+09,1.7145e+09,1.9921e+09,6.5771e+09,7.0325e+09,7.5033e+09,7.9761e+09,8.4517e+09,8.9384e+09,9.4303e+09,9.9193e+09,1.0413e+10,1.0915e+10,1.1411e+10,1.1905e+10,1.2405e+10,1.2901e+10,1.3389e+10,1.3876e+10,1.4364e+10,1.4839e+10,1.5306e+10,1.5771e+10
4.9021e+10,4.7864e+10,4.6682e+10,4.5474e+10,4.4252e+10,4.3009e+10,4.1759e+10,4.0494e+10,3.9227e+10,3.7951e+10,1.4576e+09,1.1726e+09,9.2681e+08,7.045e+08,5.1426e+08,3.5881e+08,2.2543e+08,1.2788e+08,5.6989e+07,1.0486e+07,0,1.0486e+07,4.7334e+07,1.1778e+08,2.0612e+08,3.2162e+08,4.6717e+08,6.288e+08,8.173e+08,1.0323e+09,1.2618e+09,1.5169e+09,1.7956e+09,2.0871e+09,6.9095e+09,7.3897e+09,7.8859e+09,8.3867e+09,8.8899e+09,9.4037e+09,9.9257e+09,1.0445e+10,1.0969e+10,1.1502e+10,1.203e+10,1.2557e+10,1.3088e+10,1.362e+10,1.4142e+10,1.4663e+10,1.5187e+10,1.57e+10,1.6204e+10,1.6705e+10
5.2284e+10,5.0998e+10,4.9687e+10,4.8357e+10,4.7014e+10,4.5655e+10,4.4291e+10,4.2915e+10,4.1542e+10,4.0162e+10,1.5249e+09,1.2269e+09,9.6923e+08,7.3791e+08,5.3804e+08,3.7607e+08,2.3707e+08,1.3345e+08,6.0782e+07,1.1963e+07,0,1.1963e+07,4.9734e+07,1.2294e+08,2.1593e+08,3.3552e+08,4.877e+08,6.5707e+08,8.5276e+08,1.0779e+09,1.3182e+09,1.5835e+09,1.8755e+09,2.1807e+09,7.2342e+09,7.7388e+09,8.2594e+09,8.7874e+09,9.3176e+09,9.858e+09,1.0409e+10,1.0958e+10,1.151e+10,1.2073e+10,1.2634e+10,1.3192e+10,1.3755e+10,1.432e+10,1.4876e+10,1.5431e+10,1.5989e+10,1.6538e+10,1.7077e+10,1.7614e+10
5.5458e+10,5.4045e+10,5.2609e+10,5.116e+10,4.9699e+10,4.8227e+10,4.6752e+10,4.5269e+10,4.3792e+10,4.231e+10,1.5896e+09,1.2792e+09,1.0098e+09,7.7003e+08,5.6112e+08,3.9251e+08,2.4837e+08,1.3898e+08,6.446e+07,1.3698e+07,0,1.3698e+07,5.2658e+07,1.2825e+08,2.2603e+08,3.4988e+08,5.0821e+08,6.8537e+08,8.8832e+08,1.123e+09,1.374e+09,1.6496e+09,1.9542e+09,2.2729e+09,7.5514e+09,8.0798e+09,8.6238e+09,9.1785e+09,9.735e+09,1.0301e+10,1.088e+10,1.1457e+10,1.2039e+10,1.263e+10,1.3222e+10,1.3811e+10,1.4404e+10,1.5001e+10,1.5591e+10,1.6178e+10,1.6769e+10,1.7353e+10,1.7927e+10,1.8498e+10
5.8547e+10,5.7009e+10,5.5451e+10,5.3886e+10,5.2309e+10,5.0728e+10,4.9144e+10,4.7558e+10,4.5979e+10,4.4399e+10,1.6518e+09,1.3297e+09,1.0485e+09,8.009e+08,5.8353e+08,4.0816e+08,2.5933e+08,1.4463e+08,6.8026e+07,1.5671e+07,0,1.5671e+07,5.607e+07,1.3369e+08,2.3642e+08,3.6467e+08,5.2869e+08,7.1369e+08,9.2395e+08,1.1676e+09,1.4293e+09,1.715e+09,2.0316e+09,2.3638e+09,7.8613e+09,8.413e+09,8.9799e+09,9.5602e+09,1.0142e+10,1.0734e+10,1.134e+10,1.1945e+10,1.2554e+10,1.3173e+10,1.3795e+10,1.4414e+10,1.5037e+10,1.5666e+10,1.6287e+10,1.6906e+10,1.7529e+10,1.8147e+10,1.8755e+10,1.936e+10
6.1551e+10,5.9892e+10,5.8216e+10,5.6537e+10,5.4847e+10,5.3159e+10,5.1469e+10,4.9783e+10,4.8103e+10,4.6429e+10,1.7113e+09,1.3781e+09,1.0853e+09,8.3024e+08,6.0495e+08,4.2274e+08,2.6964e+08,1.5008e+08,7.1161e+07,1.7544e+07,0,1.7544e+07,5.9615e+07,1.3893e+08,2.4672e+08,3.7952e+08,5.4879e+08,7.4165e+08,9.5926e+08,1.2114e+09,1.4837e+09,1.7795e+09,2.1075e+09,2.4529e+09,8.1636e+09,8.7382e+09,9.3274e+09,9.9323e+09,1.054e+10,1.1156e+10,1.1787e+10,1.242e+10,1.3056e+10,1.3702e+10,1.4353e+10,1.5001e+10,1.5653e+10,1.6312e+10,1.6965e+10,1.7615e+10,1.8268e+10,1.8919e+10,1.956e+10,2.0198e+10
6.4473e+10,6.2696e+10,6.0905e+10,5.9114e+10,5.7316e+10,5.5523e+10,5.373e+10,5.1945e+10,5.0169e+10,4.8402e+10,1.7679e+09,1.4243e+09,1.1204e+09,8.579e+08,6.2521e+08,4.3606e+08,2.7911e+08,1.551e+08,7.3661e+07,1.9096e+07,0,1.9096e+07,6.3055e+07,1.4378e+08,2.5673e+08,3.9418e+08,5.683e+08,7.6905e+08,9.9403e+08,1.2542e+09,1.537e+09,1.8428e+09,2.1816e+09,2.5401e+09,8.4584e+09,9.0553e+09,9.6664e+09,1.0295e+10,1.0927e+10,1.1567e+10,1.2223e+10,1.2883e+10,1.3545e+10,1.4217e+10,1.4897e+10,1.5573e+10,1.6253e+10,1.6941e+10,1.7624e+10,1.8304e+10,1.8987e+10,1.967e+10,2.0344e+10,2.1013e+10
4.3717e+10,4.2824e+10,4.1892e+10,4.0932e+10,3.9938e+10,3.8926e+10,3.7885e+10,3.6832e+10,3.5759e+10,3.4676e+10,1.4029e+09,1.1321e+09,8.9014e+08,6.8398e+08,4.9865e+08,3.4752e+08,2.2433e+08,1.2423e+08,6.0002e+07,1.6817e+07,0,1.6817e+07,5.155e+07,1.1463e+08,2.0706e+08,3.1632e+08,4.5472e+08,6.1762e+08,7.9698e+08,1.0051e+09,1.2335e+09,1.4777e+09,1.7492e+09,2.0382e+09,6.767e+09,7.2408e+09,7.7238e+09,8.2224e+09,8.7221e+09,9.2257e+09,9.7416e+09,1.0261e+10,1.0778e+10,1.1302e+10,1.1832e+10,1.2357e+10,1.2881e+10,1.3412e+10,1.3937e+10,1.4456e+10,1.4974e+10,1.5493e+10,1.6e+10,1.6499e+10
4.7726e+10,4.6634e+10,4.5517e+10,4.437e+10,4.3208e+10,4.2021e+10,4.0825e+10,3.9612e+10,3.8395e+10,3.7167e+10,1.444e+09,1.1621e+09,9.1853e+08,6.9747e+08,5.0998e+08,3.549e+08,2.2257e+08,1.2689e+08,5.5493e+07,9.8905e+06,0,9.8905e+06,4.7551e+07,1.1764e+08,2.0535e+08,3.2163e+08,4.6618e+08,6.2721e+08,8.1649e+08,1.0301e+09,1.2591e+09,1.5151e+09,1.7924e+09,2.0835e+09,6.9108e+09,7.3928e+09,7.8913e+09,8.393e+09,8.8984e+09,9.4156e+09,9.9393e+09,1.0461e+10,1.0988e+10,1.1525e+10,1.2056e+10,1.2587e+10,1.3124e+10,1.3659e+10,1.4186e+10,1.4713e+10,1.5242e+10,1.576e+10,1.627e+10,1.6778e+10
5.1005e+10,4.9784e+10,4.8538e+10,4.7268e+10,4.5984e+10,4.468e+10,4.3371e+10,4.2046e+10,4.0722e+10,3.9389e+10,1.5122e+09,1.2168e+09,9.6172e+08,7.3133e+08,5.3386e+08,3.7254e+08,2.3428e+08,1.3275e+08,5.9318e+07,1.1109e+07,0,1.1109e+07,4.942e+07,1.2254e+08,2.1466e+08,3.3477e+08,4.8624e+08,6.5478e+08,8.5102e+08,1.0751e+09,1.3147e+09,1.5806e+09,1.8716e+09,2.1761e+09,7.2344e+09,7.7407e+09,8.2638e+09,8.7927e+09,9.3249e+09,9.8685e+09,1.0422e+10,1.0973e+10,1.1529e+10,1.2096e+10,1.2659e+10,1.3221e+10,1.3789e+10,1.4358e+10,1.4919e+10,1.5479e+10,1.6043e+10,1.6597e+10,1.7143e+10,1.7686e+10
5.4195e+10,5.2847e+10,5.1475e+10,5.0085e+10,4.8683e+10,4.7266e+10,4.5845e+10,4.4413e+10,4.2984e+10,4.1549e+10,1.5778e+09,1.2697e+09,1.003e+09,7.6387e+08,5.5704e+08,3.8934e+08,2.4564e+08,1.3817e+08,6.3028e+07,1.2595e+07,0,1.2595e+07,5.1831e+07,1.276e+08,2.2428e+08,3.484e+08,5.0629e+08,6.8241e+08,8.8568e+08,1.1196e+09,1.3697e+09,1.6456e+09,1.9495e+09,2.2674e+09,7.5505e+09,8.0805e+09,8.6272e+09,9.1827e+09,9.7411e+09,1.0311e+10,1.0892e+10,1.1471e+10,1.2056e+10,1.2652e+10,1.3246e+10,1.3839e+10,1.4437e+10,1.5039e+10,1.5633e+10,1.6225e+10,1.6822e+10,1.7411e+10,1.7992e+10,1.857e+10
5.7299e+10,5.5827e+10,5.4332e+10,5.2826e+10,5.1308e+10,4.978e+10,4.825e+10,4.6713e+10,4.5183e+10,4.3649e+10,1.6408e+09,1.3207e+09,1.0425e+09,7.9517e+08,5.7955e+08,4.0535e+08,2.5666e+08,1.4358e+08,6.6627e+07,1.433e+07,0,1.433e+07,5.475e+07,1.328e+08,2.342e+08,3.6249e+08,5.2633e+08,7.1007e+08,9.2043e+08,1.1636e+09,1.4242e+09,1.7101e+09,2.0262e+09,2.3574e+09,7.8594e+09,8.4126e+09,8.9821e+09,9.5635e+09,1.0147e+10,1.0742e+10,1.135e+10,1.1958e+10,1.257e+10,1.3194e+10,1.3818e+10,1.4441e+10,1.5069e+10,1.5702e+10,1.6328e+10,1.6952e+10,1.7581e+10,1.8205e+10,1.8819e+10,1.9431e+10
6.0318e+10,5.8724e+10,5.711e+10,5.549e+10,5.3858e+10,5.2224e+10,5.0588e+10,4.895e+10,4.7319e+10,4.5689e+10,1.7014e+09,1.3699e+09,1.0801e+09,8.2523e+08,6.0139e+08,4.2057e+08,2.6735e+08,1.4911e+08,7.011e+07,1.6289e+07,0,1.6289e+07,5.8134e+07,1.3813e+08,2.4438e+08,3.7697e+08,5.4632e+08,7.3773e+08,9.5522e+08,1.2072e+09,1.4781e+09,1.7739e+09,2.1017e+09,2.4459e+09,8.161e+09,8.7369e+09,9.3286e+09,9.9349e+09,1.0544e+10,1.1163e+10,1.1797e+10,1.2432e+10,1.3071e+10,1.3722e+10,1.4376e+10,1.5027e+10,1.5684e+10,1.6348e+10,1.7005e+10,1.766e+10,1.832e+10,1.8976e+10,1.9623e+10,2.0268e+10
6.3255e+10,6.1542e+10,5.9812e+10,5.8081e+10,5.6339e+10,5.46e+10,5.286e+10,5.1123e+10,4.9395e+10,4.7672e+10,1.7593e+09,1.417e+09,1.1159e+09,8.5377e+08,6.2222e+08,4.3471e+08,2.7737e+08,1.544e+08,7.3131e+07,1.8109e+07,0,1.8109e+07,6.1604e+07,1.4322e+08,2.5443e+08,3.9147e+08,5.6591e+08,7.6501e+08,9.8966e+08,1.2498e+09,1.5311e+09,1.8368e+09,2.1756e+09,2.5327e+09,8.4553e+09,9.0533e+09,9.6668e+09,1.0297e+10,1.093e+10,1.1574e+10,1.2233e+10,1.2894e+10,1.356e+10,1.4236e+10,1.4919e+10,1.5599e+10,1.6283e+10,1.6976e+10,1.7664e+10,1.8349e+10,1.9038e+10,1.9727e+10,2.0406e+10,2.1082e+10
4.5541e+10,4.4522e+10,4.3476e+10,4.2398e+10,4.1305e+10,4.0185e+10,3.9056e+10,3.7908e+10,3.6754e+10,3.5589e+10,1.3846e+09,1.114e+09,8.8057e+08,6.6832e+08,4.8872e+08,3.3995e+08,2.1297e+08,1.2156e+08,5.2954e+07,9.2548e+06,0,9.2548e+06,4.5393e+07,1.1255e+08,1.9622e+08,3.0756e+08,4.4568e+08,5.9928e+08,7.8026e+08,9.8403e+08,1.2023e+09,1.4466e+09,1.7106e+09,1.9876e+09,6.5611e+09,7.0152e+09,7.4847e+09,7.9561e+09,8.4304e+09,8.9157e+09,9.406e+09,9.8935e+09,1.0386e+10,1.0886e+10,1.138e+10,1.1873e+10,1.2371e+10,1.2865e+10,1.3352e+10,1.3836e+10,1.4322e+10,1.4796e+10,1.5261e+10,1.5724e+10
4.8897e+10,4.7745e+10,4.6567e+10,4.5364e+10,4.4146e+10,4.2907e+10,4.1661e+10,4.0399e+10,3.9137e+10,3.7864e+10,1.4546e+09,1.1703e+09,9.2496e+08,7.0308e+08,5.1323e+08,3.5808e+08,2.2497e+08,1.2763e+08,5.6865e+07,1.0452e+07,0,1.0452e+07,4.7226e+07,1.1754e+08,2.0568e+08,3.2094e+08,4.662e+08,6.2748e+08,8.1558e+08,1.0301e+09,1.2591e+09,1.5137e+09,1.7918e+09,2.0826e+09,6.8935e+09,7.3725e+09,7.8674e+09,8.3668e+09,8.8686e+09,9.3811e+09,9.9016e+09,1.0419e+10,1.0941e+10,1.1473e+10,1.2e+10,1.2525e+10,1.3055e+10,1.3584e+10,1.4105e+10,1.4624e+10,1.5146e+10,1.5657e+10,1.6159e+10,1.6658e+10
5.2161e+10,5.0879e+10,4.9572e+10,4.8247e+10,4.6908e+10,4.5553e+10,4.4194e+10,4.2822e+10,4.1452e+10,4.0075e+10,1.522e+09,1.2245e+09,9.6739e+08,7.365e+08,5.3701e+08,3.7535e+08,2.3661e+08,1.332e+08,6.0658e+07,1.1927e+07,0,1.1927e+07,4.9621e+07,1.2269e+08,2.1548e+08,3.3483e+08,4.8672e+08,6.5574e+08,8.5104e+08,1.0757e+09,1.3155e+09,1.5803e+09,1.8717e+09,2.1762e+09,7.2182e+09,7.7215e+09,8.2408e+09,8.7675e+09,9.2963e+09,9.8353e+09,1.0385e+10,1.0932e+10,1.1483e+10,1.2045e+10,1.2603e+10,1.316e+10,1.3721e+10,1.4284e+10,1.4839e+10,1.5392e+10,1.5948e+10,1.6495e+10,1.7032e+10,1.7567e+10
5.5336e+10,5.3927e+10,5.2495e+10,5.1051e+10,4.9594e+10,4.8126e+10,4.6655e+10,4.5176e+10,4.3703e+10,4.2225e+10,1.5867e+09,1.2769e+09,1.0079e+09,7.6862e+08,5.601e+08,3.918e+08,2.4791e+08,1.3872e+08,6.4337e+07,1.3659e+07,0,1.3659e+07,5.2541e+07,1.28e+08,2.2559e+08,3.4919e+08,5.0723e+08,6.8404e+08,8.866e+08,1.1208e+09,1.3713e+09,1.6463e+09,1.9504e+09,2.2684e+09,7.5354e+09,8.0626e+09,8.6053e+09,9.1587e+09,9.7138e+09,1.0279e+10,1.0856e+10,1.1432e+10,1.2012e+10,1.2602e+10,1.3192e+10,1.3779e+10,1.437e+10,1.4966e+10,1.5554e+10,1.6139e+10,1.6728e+10,1.731e+10,1.7883e+10,1.8452e+10
5.8424e+10,5.6892e+10,5.5338e+10,5.3777e+10,5.2204e+10,5.0627e+10,4.9047e+10,4.7465e+10,4.5889e+10,4.4313e+10,1.6489e+09,1.3274e+09,1.0467e+09,7.9949e+08,5.825e+08,4.0745e+08,2.5887e+08,1.4437e+08,6.7904e+07,1.563e+07,0,1.563e+07,5.5948e+07,1.3344e+08,2.3596e+08,3.6397e+08,5.277e+08,7.1234e+08,9.2221e+08,1.1654e+09,1.4266e+09,1.7118e+09,2.0278e+09,2.3593e+09,7.8453e+09,8.3958e+09,8.9613e+09,9.5403e+09,1.0121e+10,1.0711e+10,1.1315e+10,1.1919e+10,1.2527e+10,1.3145e+10,1.3765e+10,1.4382e+10,1.5003e+10,1.563e+10,1.625e+10,1.6867e+10,1.7488e+10,1.8104e+10,1.871e+10,1.9313e+10
6.1429e+10,5.9775e+10,5.8103e+10,5.6428e+10,5.4743e+10,5.3058e+10,5.1373e+10,4.969e+10,4.8014e+10,4.6343e+10,1.7084e+09,1.3758e+09,1.0835e+09,8.2885e+08,6.0393e+08,4.2203e+08,2.6918e+08,1.4982e+08,7.1044e+07,1.7506e+07,0,1.7506e+07,5.9494e+07,1.3869e+08,2.4627e+08,3.7882e+08,5.4781e+08,7.4031e+08,9.5752e+08,1.2092e+09,1.481e+09,1.7762e+09,2.1036e+09,2.4484e+09,8.1476e+09,8.7209e+09,9.3089e+09,9.9124e+09,1.0518e+10,1.1133e+10,1.1763e+10,1.2394e+10,1.3029e+10,1.3673e+10,1.4323e+10,1.4969e+10,1.5619e+10,1.6276e+10,1.6928e+10,1.7576e+10,1.8227e+10,1.8876e+10,1.9516e+10,2.0151e+10
6.4351e+10,6.2578e+10,6.0792e+10,5.9006e+10,5.7211e+10,5.5423e+10,5.3633e+10,5.1853e+10,5.0079e+10,4.8316e+10,1.765e+09,1.422e+09,1.1186e+09,8.5652e+08,6.2419e+08,4.3536e+08,2.7866e+08,1.5484e+08,7.3549e+07,1.906e+07,0,1.906e+07,6.2934e+07,1.4354e+08,2.5628e+08,3.9349e+08,5.6732e+08,7.6771e+08,9.9229e+08,1.252e+09,1.5343e+09,1.8395e+09,2.1778e+09,2.5356e+09,8.4424e+09,9.038e+09,9.6478e+09,1.0275e+10,1.0906e+10,1.1545e+10,1.2199e+10,1.2857e+10,1.3518e+10,1.4188e+10,1.4866e+10,1.5541e+10,1.6219e+10,1.6905e+10,1.7587e+10,1.8265e+10,1.8946e+10,1.9628e+10,2.0299e+10,2.0966e+10
4.6634e+10,4.5557e+10,4.4453e+10,4.3322e+10,4.2176e+10,4.1007e+10,3.983e+10,3.8636e+10,3.744e+10,3.6233e+10,1.3937e+09,1.121e+09,8.8604e+08,6.7316e+08,4.914e+08,3.4276e+08,2.1509e+08,1.222e+08,5.4246e+07,9.7513e+06,0,9.7513e+06,4.4931e+07,1.1227e+08,1.9623e+08,3.0641e+08,4.4509e+08,5.9872e+08,7.7829e+08,9.8272e+08,1.2007e+09,1.4433e+09,1.7078e+09,1.9841e+09,6.5352e+09,6.9856e+09,7.4509e+09,7.9193e+09,8.3893e+09,8.8691e+09,9.3555e+09,9.8382e+09,1.0325e+10,1.0819e+10,1.1308e+10,1.1794e+10,1.2284e+10,1.2772e+10,1.3251e+10,1.3728e+10,1.4205e+10,1.4671e+10,1.5127e+10,1.558e+10
4.9974e+10,4.8764e+10,4.7529e+10,4.6273e+10,4.5003e+10,4.3715e+10,4.2423e+10,4.1116e+10,3.9811e+10,3.8497e+10,1.4629e+09,1.1767e+09,9.2967e+08,7.0748e+08,5.1579e+08,3.6052e+08,2.2702e+08,1.2796e+08,5.8125e+07,1.1205e+07,0,1.1205e+07,4.7291e+07,1.1752e+08,2.0619e+08,3.2054e+08,4.6608e+08,6.2761e+08,8.1453e+08,1.0294e+09,1.2584e+09,1.5115e+09,1.7897e+09,2.0801e+09,6.8686e+09,7.344e+09,7.8345e+09,8.3309e+09,8.8286e+09,9.3357e+09,9.852e+09,1.0365e+10,1.0881e+10,1.1407e+10,1.1928e+10,1.2446e+10,1.2969e+10,1.3492e+10,1.4006e+10,1.4517e+10,1.503e+10,1.5533e+10,1.6026e+10,1.6514e+10
5.3223e+10,5.1883e+10,5.052e+10,4.9142e+10,4.7751e+10,4.6349e+10,4.4942e+10,4.3526e+10,4.2114e+10,4.0697e+10,1.5293e+09,1.2304e+09,9.7136e+08,7.4047e+08,5.3948e+08,3.7743e+08,2.386e+08,1.3358e+08,6.1887e+07,1.2926e+07,0,1.2926e+07,5.0194e+07,1.2292e+08,2.1647e+08,3.3515e+08,4.8705e+08,6.5654e+08,8.5089e+08,1.0756e+09,1.3156e+09,1.5791e+09,1.8704e+09,2.1746e+09,7.1944e+09,7.6943e+09,8.2089e+09,8.7327e+09,9.2575e+09,9.7912e+09,1.0336e+10,1.0879e+10,1.1424e+10,1.1979e+10,1.2533e+10,1.3083e+10,1.3636e+10,1.4193e+10,1.4741e+10,1.5285e+10,1.5832e+10,1.6371e+10,1.69e+10,1.7424e+10
5.6383e+10,5.4917e+10,5.3429e+10,5.1932e+10,5.0423e+10,4.8909e+10,4.7391e+10,4.5869e+10,4.4353e+10,4.2836e+10,1.5933e+09,1.2823e+09,1.0112e+09,7.7218e+08,5.6246e+08,3.9353e+08,2.4984e+08,1.3934e+08,6.5536e+07,1.4896e+07,0,1.4896e+07,5.3604e+07,1.2847e+08,2.2703e+08,3.5021e+08,5.08e+08,6.8548e+08,8.8731e+08,1.1214e+09,1.3722e+09,1.6461e+09,1.9498e+09,2.2678e+09,7.5127e+09,8.0366e+09,8.5746e+09,9.1249e+09,9.6761e+09,1.0236e+10,1.0808e+10,1.138e+10,1.1954e+10,1.2537e+10,1.3122e+10,1.3703e+10,1.4287e+10,1.4876e+10,1.5456e+10,1.6033e+10,1.6613e+10,1.7188e+10,1.7751e+10,1.831e+10
5.9457e+10,5.7867e+10,5.6258e+10,5.4645e+10,5.3022e+10,5.1398e+10,4.9772e+10,4.8147e+10,4.6529e+10,4.4914e+10,1.6544e+09,1.3321e+09,1.0491e+09,8.024e+08,5.8452e+08,4.086e+08,2.6048e+08,1.4496e+08,6.8815e+07,1.6838e+07,0,1.6838e+07,5.7227e+07,1.3388e+08,2.376e+08,3.6541e+08,5.2864e+08,7.1415e+08,9.2351e+08,1.1663e+09,1.428e+09,1.7123e+09,2.0276e+09,2.3592e+09,7.8233e+09,8.3706e+09,8.9317e+09,9.5073e+09,1.0084e+10,1.067e+10,1.1269e+10,1.1868e+10,1.247e+10,1.3081e+10,1.3696e+10,1.4307e+10,1.492e+10,1.554e+10,1.6153e+10,1.6762e+10,1.7374e+10,1.7982e+10,1.858e+10,1.9172e+10
6.2447e+10,6.0735e+10,5.901e+10,5.7283e+10,5.5548e+10,5.3817e+10,5.2085e+10,5.0361e+10,4.8643e+10,4.6934e+10,1.7127e+09,1.3796e+09,1.0852e+09,8.3089e+08,6.0537e+08,4.2237e+08,2.7025e+08,1.5015e+08,7.1439e+07,1.8449e+07,0,1.8449e+07,6.0743e+07,1.3888e+08,2.4785e+08,3.8042e+08,5.4867e+08,7.4224e+08,9.5914e+08,1.2102e+09,1.4826e+09,1.7772e+09,2.1037e+09,2.4487e+09,8.1262e+09,8.6964e+09,9.28e+09,9.8799e+09,1.0482e+10,1.1092e+10,1.1717e+10,1.2344e+10,1.2972e+10,1.361e+10,1.4254e+10,1.4894e+10,1.5537e+10,1.6187e+10,1.6831e+10,1.7471e+10,1.8113e+10,1.8755e+10,1.9385e+10,2.0011e+10
6.5355e+10,6.3525e+10,6.1685e+10,5.9848e+10,5.8004e+10,5.6169e+10,5.4334e+10,5.2512e+10,5.0697e+10,4.8897e+10,1.7681e+09,1.4249e+09,1.1197e+09,8.5771e+08,6.2507e+08,4.3491e+08,2.792e+08,1.5491e+08,7.3445e+07,1.9746e+07,0,1.9746e+07,6.4154e+07,1.4381e+08,2.578e+08,3.9525e+08,5.6811e+08,7.6974e+08,9.9421e+08,1.253e+09,1.5361e+09,1.8409e+09,2.178e+09,2.5362e+09,8.4214e+09,9.014e+09,9.6196e+09,1.0243e+10,1.087e+10,1.1504e+10,1.2153e+10,1.2807e+10,1.3462e+10,1.4126e+10,1.4798e+10,1.5467e+10,1.6137e+10,1.6816e+10,1.7491e+10,1.8161e+10,1.8833e+10,1.9506e+10,2.0169e+10,2.0826e+10
4.5335e+10,4.4323e+10,4.3284e+10,4.2214e+10,4.1127e+10,4.0015e+10,3.8892e+10,3.775e+10,3.6603e+10,3.5445e+10,1.3797e+09,1.1101e+09,8.7747e+08,6.6594e+08,4.87e+08,3.3873e+08,2.1219e+08,1.2113e+08,5.2747e+07,9.2027e+06,0,9.2027e+06,4.5223e+07,1.1214e+08,1.955e+08,3.0646e+08,4.4406e+08,5.9708e+08,7.7742e+08,9.8041e+08,1.1978e+09,1.4412e+09,1.7043e+09,1.9801e+09,6.5345e+09,6.9865e+09,7.4538e+09,7.9231e+09,8.395e+09,8.878e+09,9.3659e+09,9.8509e+09,1.0341e+10,1.0838e+10,1.133e+10,1.182e+10,1.2315e+10,1.2806e+10,1.329e+10,1.3771e+10,1.4254e+10,1.4725e+10,1.5187e+10,1.5646e+10
4.8692e+10,4.7547e+10,4.6376e+10,4.518e+10,4.3969e+10,4.2737e+10,4.1498e+10,4.0243e+10,3.8987e+10,3.772e+10,1.4498e+09,1.1664e+09,9.2188e+08,7.0071e+08,5.1151e+08,3.5687e+08,2.2419e+08,1.272e+08,5.6658e+07,1.0396e+07,0,1.0396e+07,4.7047e+07,1.1713e+08,2.0495e+08,3.1982e+08,4.6457e+08,6.2527e+08,8.1272e+08,1.0265e+09,1.2547e+09,1.5083e+09,1.7854e+09,2.0751e+09,6.8669e+09,7.3438e+09,7.8365e+09,8.3337e+09,8.8332e+09,9.3434e+09,9.8614e+09,1.0377e+10,1.0896e+10,1.1425e+10,1.1949e+10,1.2471e+10,1.2999e+10,1.3525e+10,1.4043e+10,1.4559e+10,1.5078e+10,1.5586e+10,1.6084e+10,1.658e+10
5.1956e+10,5.0682e+10,4.9382e+10,4.8064e+10,4.6732e+10,4.5384e+10,4.4031e+10,4.2665e+10,4.1302e+10,3.9932e+10,1.5172e+09,1.2206e+09,9.6432e+08,7.3414e+08,5.3529e+08,3.7415e+08,2.3583e+08,1.3278e+08,6.0452e+07,1.1866e+07,0,1.1866e+07,4.9433e+07,1.2228e+08,2.1474e+08,3.337e+08,4.8509e+08,6.5352e+08,8.4817e+08,1.0721e+09,1.311e+09,1.5749e+09,1.8653e+09,2.1687e+09,7.1916e+09,7.6929e+09,8.21e+09,8.7345e+09,9.261e+09,9.7976e+09,1.0345e+10,1.0889e+10,1.1438e+10,1.1997e+10,1.2553e+10,1.3106e+10,1.3665e+10,1.4225e+10,1.4777e+10,1.5327e+10,1.588e+10,1.6424e+10,1.6958e+10,1.7489e+10
5.5132e+10,5.373e+10,5.2306e+10,5.0868e+10,4.9418e+10,4.7957e+10,4.6493e+10,4.502e+10,4.3553e+10,4.2081e+10,1.5819e+09,1.273e+09,1.0049e+09,7.6627e+08,5.5838e+08,3.906e+08,2.4713e+08,1.383e+08,6.4132e+07,1.3594e+07,0,1.3594e+07,5.2345e+07,1.2758e+08,2.2484e+08,3.4805e+08,5.0559e+08,6.8181e+08,8.8371e+08,1.1172e+09,1.3668e+09,1.6409e+09,1.944e+09,2.2609e+09,7.5088e+09,8.0339e+09,8.5745e+09,9.1256e+09,9.6784e+09,1.0241e+10,1.0816e+10,1.1389e+10,1.1966e+10,1.2554e+10,1.3141e+10,1.3725e+10,1.4314e+10,1.4907e+10,1.5492e+10,1.6074e+10,1.666e+10,1.7239e+10,1.7808e+10,1.8374e+10
5.8221e+10,5.6696e+10,5.5149e+10,5.3595e+10,5.2029e+10,5.0459e+10,4.8886e+10,4.731e+10,4.5741e+10,4.4171e+10,1.6441e+09,1.3235e+09,1.0436e+09,7.9716e+08,5.8079e+08,4.0627e+08,2.581e+08,1.4395e+08,6.7701e+07,1.5563e+07,0,1.5563e+07,5.5746e+07,1.3302e+08,2.3521e+08,3.6283e+08,5.2606e+08,7.1011e+08,9.1932e+08,1.1618e+09,1.4221e+09,1.7064e+09,2.0214e+09,2.3518e+09,7.8187e+09,8.3671e+09,8.9306e+09,9.5073e+09,1.0086e+10,1.0674e+10,1.1275e+10,1.1877e+10,1.2482e+10,1.3097e+10,1.3714e+10,1.4328e+10,1.4947e+10,1.5571e+10,1.6188e+10,1.6802e+10,1.742e+10,1.8033e+10,1.8636e+10,1.9236e+10
6.1226e+10,5.9579e+10,5.7915e+10,5.6247e+10,5.4568e+10,5.2891e+10,5.1212e+10,4.9536e+10,4.7866e+10,4.6201e+10,1.7037e+09,1.372e+09,1.0804e+09,8.2653e+08,6.0223e+08,4.2087e+08,2.6842e+08,1.494e+08,7.0849e+07,1.7443e+07,0,1.7443e+07,5.9292e+07,1.3827e+08,2.4552e+08,3.7767e+08,5.4617e+08,7.3808e+08,9.5463e+08,1.2056e+09,1.4765e+09,1.7708e+09,2.0973e+09,2.4409e+09,8.1211e+09,8.6923e+09,9.2781e+09,9.8794e+09,1.0483e+10,1.1096e+10,1.1723e+10,1.2352e+10,1.2984e+10,1.3626e+10,1.4272e+10,1.4916e+10,1.5563e+10,1.6217e+10,1.6866e+10,1.7511e+10,1.8159e+10,1.8805e+10,1.9441e+10,2.0073e+10
6.4149e+10,6.2384e+10,6.0604e+10,5.8825e+10,5.7037e+10,5.5256e+10,5.3473e+10,5.1699e+10,4.9932e+10,4.8175e+10,1.7603e+09,1.4182e+09,1.1156e+09,8.5422e+08,6.2251e+08,4.342e+08,2.779e+08,1.5443e+08,7.3362e+07,1.9001e+07,0,1.9001e+07,6.2732e+07,1.4313e+08,2.5553e+08,3.9233e+08,5.6568e+08,7.6547e+08,9.8939e+08,1.2484e+09,1.5298e+09,1.8341e+09,2.1714e+09,2.5281e+09,8.4158e+09,9.0093e+09,9.617e+09,1.0242e+10,1.087e+10,1.1507e+10,1.2159e+10,1.2814e+10,1.3473e+10,1.4141e+10,1.4816e+10,1.5488e+10,1.6163e+10,1.6846e+10,1.7525e+10,1.82e+10,1.8878e+10,1.9556e+10,2.0225e+10,2.0888e+10
4.6472e+10,4.54e+10,4.4302e+10,4.3177e+10,4.2036e+10,4.0873e+10,3.9701e+10,3.8512e+10,3.7321e+10,3.6119e+10,1.3899e+09,1.1179e+09,8.836e+08,6.7129e+08,4.9004e+08,3.418e+08,2.1448e+08,1.2186e+08,5.4083e+07,9.7071e+06,0,9.7071e+06,4.4791e+07,1.1195e+08,1.9565e+08,3.0553e+08,4.4381e+08,5.9698e+08,7.7604e+08,9.7986e+08,1.1971e+09,1.439e+09,1.7028e+09,1.9782e+09,6.5142e+09,6.963e+09,7.4266e+09,7.8932e+09,8.3614e+09,8.8394e+09,9.3239e+09,9.8046e+09,1.0289e+10,1.0781e+10,1.1268e+10,1.1752e+10,1.224e+10,1.2726e+10,1.3202e+10,1.3676e+10,1.4152e+10,1.4615e+10,1.5069e+10,1.5519e+10
4.9812e+10,4.8608e+10,4.7378e+10,4.6128e+10,4.4864e+10,4.3581e+10,4.2294e+10,4.0992e+10,3.9692e+10,3.8383e+10,1.459e+09,1.1736e+09,9.2725e+08,7.0562e+08,5.1444e+08,3.5957e+08,2.2641e+08,1.2763e+08,5.7962e+07,1.1157e+07,0,1.1157e+07,4.7144e+07,1.1719e+08,2.0561e+08,3.1965e+08,4.6479e+08,6.2586e+08,8.1227e+08,1.0266e+09,1.2549e+09,1.5072e+09,1.7847e+09,2.0742e+09,6.8477e+09,7.3215e+09,7.8102e+09,8.3049e+09,8.8008e+09,9.306e+09,9.8204e+09,1.0331e+10,1.0846e+10,1.1369e+10,1.1888e+10,1.2404e+10,1.2925e+10,1.3446e+10,1.3957e+10,1.4465e+10,1.4976e+10,1.5477e+10,1.5967e+10,1.6453e+10
5.3061e+10,5.1728e+10,5.037e+10,4.8998e+10,4.7613e+10,4.6215e+10,4.4814e+10,4.3403e+10,4.1996e+10,4.0584e+10,1.5256e+09,1.2274e+09,9.6896e+08,7.3862e+08,5.3813e+08,3.7649e+08,2.3799e+08,1.3325e+08,6.1725e+07,1.2875e+07,0,1.2875e+07,5.0041e+07,1.226e+08,2.1588e+08,3.3425e+08,4.8577e+08,6.5478e+08,8.4862e+08,1.0728e+09,1.312e+09,1.5749e+09,1.8654e+09,2.1687e+09,7.1735e+09,7.6718e+09,8.1847e+09,8.7068e+09,9.2297e+09,9.7616e+09,1.0305e+10,1.0845e+10,1.1389e+10,1.1942e+10,1.2493e+10,1.3041e+10,1.3592e+10,1.4147e+10,1.4692e+10,1.5234e+10,1.5779e+10,1.6315e+10,1.6842e+10,1.7364e+10
5.6222e+10,5.4762e+10,5.3279e+10,5.1789e+10,5.0285e+10,4.8776e+10,4.7264e+10,4.5747e+10,4.4236e+10,4.2723e+10,1.5895e+09,1.2793e+09,1.0088e+09,7.7034e+08,5.6112e+08,3.926e+08,2.4923e+08,1.3901e+08,6.5375e+07,1.4842e+07,0,1.4842e+07,5.3445e+07,1.2814e+08,2.2644e+08,3.4931e+08,5.0671e+08,6.8372e+08,8.8504e+08,1.1185e+09,1.3687e+09,1.6419e+09,1.9447e+09,2.2619e+09,7.4918e+09,8.014e+09,8.5504e+09,9.0989e+09,9.6483e+09,1.0206e+10,1.0777e+10,1.1346e+10,1.1918e+10,1.25e+10,1.3082e+10,1.3661e+10,1.4243e+10,1.4829e+10,1.5408e+10,1.5982e+10,1.656e+10,1.7132e+10,1.7693e+10,1.8249e+10
5.9297e+10,5.7713e+10,5.611e+10,5.4503e+10,5.2884e+10,5.1266e+10,4.9645e+10,4.8025e+10,4.6412e+10,4.4802e+10,1.6507e+09,1.3291e+09,1.0467e+09,8.0058e+08,5.8319e+08,4.0768e+08,2.5988e+08,1.4463e+08,6.8661e+07,1.6788e+07,0,1.6788e+07,5.7068e+07,1.3356e+08,2.3701e+08,3.645e+08,5.2736e+08,7.124e+08,9.2123e+08,1.1635e+09,1.4245e+09,1.708e+09,2.0226e+09,2.3533e+09,7.8025e+09,8.3481e+09,8.9076e+09,9.4814e+09,1.0057e+10,1.064e+10,1.1237e+10,1.1835e+10,1.2434e+10,1.3044e+10,1.3656e+10,1.4265e+10,1.4876e+10,1.5494e+10,1.6105e+10,1.6711e+10,1.732e+10,1.7926e+10,1.8521e+10,1.9111e+10
6.2287e+10,6.0581e+10,5.8861e+10,5.714e+10,5.541e+10,5.3685e+10,5.1958e+10,5.0239e+10,4.8526e+10,4.6822e+10,1.7089e+09,1.3766e+09,1.0828e+09,8.2907e+08,6.0404e+08,4.2145e+08,2.6966e+08,1.4982e+08,7.1291e+07,1.8402e+07,0,1.8402e+07,6.0584e+07,1.3855e+08,2.4726e+08,3.7951e+08,5.4738e+08,7.4047e+08,9.5685e+08,1.2073e+09,1.4791e+09,1.7729e+09,2.0987e+09,2.4428e+09,8.1052e+09,8.6738e+09,9.2557e+09,9.8539e+09,1.0454e+10,1.1062e+10,1.1685e+10,1.231e+10,1.2937e+10,1.3573e+10,1.4215e+10,1.4852e+10,1.5493e+10,1.614e+10,1.6782e+10,1.742e+10,1.806e+10,1.8699e+10,1.9327e+10,1.995e+10
6.5195e+10,6.3371e+10,6.1538e+10,5.9705e+10,5.7867e+10,5.6038e+10,5.4208e+10,5.2391e+10,5.058e+10,4.8785e+10,1.7644e+09,1.4219e+09,1.1173e+09,8.5591e+08,6.2375e+08,4.3401e+08,2.7861e+08,1.5459e+08,7.3304e+07,1.9702e+07,0,1.9702e+07,6.3996e+07,1.4349e+08,2.5721e+08,3.9433e+08,5.6682e+08,7.6798e+08,9.9193e+08,1.2501e+09,1.5326e+09,1.8366e+09,2.1729e+09,2.5303e+09,8.4004e+09,8.9914e+09,9.5953e+09,1.0217e+10,1.0842e+10,1.1474e+10,1.2122e+10,1.2773e+10,1.3426e+10,1.4088e+10,1.4758e+10,1.5425e+10,1.6093e+10,1.677e+10,1.7442e+10,1.811e+10,1.8779e+10,1.945e+10,2.011e+10,2.0765e+10
4.7515e+10,4.6388e+10,4.5233e+10,4.4057e+10,4.2866e+10,4.1655e+10,4.0437e+10,3.9205e+10,3.7972e+10,3.673e+10,1.3976e+09,1.1239e+09,8.8805e+08,6.7545e+08,4.924e+08,3.4414e+08,2.1644e+08,1.222e+08,5.5309e+07,1.0398e+07,0,1.0398e+07,4.4742e+07,1.1184e+08,1.9599e+08,3.0487e+08,4.4344e+08,5.9675e+08,7.7453e+08,9.7869e+08,1.1958e+09,1.4361e+09,1.6999e+09,1.9748e+09,6.4865e+09,6.9315e+09,7.3906e+09,7.854e+09,8.3179e+09,8.7903e+09,9.2704e+09,9.7461e+09,1.0224e+10,1.0711e+10,1.1191e+10,1.1668e+10,1.2149e+10,1.2628e+10,1.3097e+10,1.3563e+10,1.4029e+10,1.4484e+10,1.4929e+10,1.5368e+10
5.084e+10,4.958e+10,4.8295e+10,4.6995e+10,4.568e+10,4.4351e+10,4.3017e+10,4.1673e+10,4.0331e+10,3.8983e+10,1.4659e+09,1.1791e+09,9.3096e+08,7.0935e+08,5.167e+08,3.6155e+08,2.2831e+08,1.2792e+08,5.9158e+07,1.2096e+07,0,1.2096e+07,4.7606e+07,1.1734e+08,2.0642e+08,3.1972e+08,4.6488e+08,6.263e+08,8.1167e+08,1.026e+09,1.2543e+09,1.5053e+09,1.7826e+09,2.0717e+09,6.8211e+09,7.2912e+09,7.7752e+09,8.2668e+09,8.7584e+09,9.2582e+09,9.7679e+09,1.0274e+10,1.0782e+10,1.1299e+10,1.1813e+10,1.2322e+10,1.2835e+10,1.3349e+10,1.3853e+10,1.4353e+10,1.4854e+10,1.5347e+10,1.5828e+10,1.6304e+10
5.4074e+10,5.2685e+10,5.1272e+10,4.985e+10,4.8415e+10,4.6972e+10,4.5525e+10,4.4072e+10,4.2624e+10,4.1173e+10,1.5316e+09,1.2324e+09,9.7195e+08,7.4194e+08,5.4029e+08,3.7812e+08,2.3982e+08,1.3378e+08,6.289e+07,1.4052e+07,0,1.4052e+07,5.0994e+07,1.2298e+08,2.1716e+08,3.3503e+08,4.8629e+08,6.5586e+08,8.4888e+08,1.0728e+09,1.3123e+09,1.5739e+09,1.864e+09,2.1671e+09,7.1479e+09,7.6427e+09,8.1508e+09,8.6695e+09,9.1884e+09,9.7149e+09,1.0253e+10,1.0789e+10,1.1326e+10,1.1873e+10,1.2418e+10,1.296e+10,1.3503e+10,1.405e+10,1.4589e+10,1.5122e+10,1.5658e+10,1.6186e+10,1.6703e+10,1.7215e+10
5.7221e+10,5.5705e+10,5.4169e+10,5.2628e+10,5.1075e+10,4.952e+10,4.7962e+10,4.6404e+10,4.4852e+10,4.3302e+10,1.5946e+09,1.2836e+09,1.011e+09,7.7308e+08,5.6301e+08,3.9371e+08,2.5081e+08,1.3958e+08,6.6323e+07,1.6063e+07,0,1.6063e+07,5.4687e+07,1.2857e+08,2.2798e+08,3.5057e+08,5.0747e+08,6.8525e+08,8.8595e+08,1.1189e+09,1.3695e+09,1.6417e+09,1.9439e+09,2.2609e+09,7.4671e+09,7.9859e+09,8.5176e+09,9.0625e+09,9.6079e+09,1.0161e+10,1.0726e+10,1.1291e+10,1.1857e+10,1.2432e+10,1.3008e+10,1.358e+10,1.4155e+10,1.4734e+10,1.5305e+10,1.5872e+10,1.644e+10,1.7003e+10,1.7555e+10,1.8102e+10
6.028e+10,5.864e+10,5.6985e+10,5.5328e+10,5.3661e+10,5.1997e+10,5.0331e+10,4.8671e+10,4.7017e+10,4.537e+10,1.6545e+09,1.3325e+09,1.0481e+09,8.0243e+08,5.8449e+08,4.0797e+08,2.6092e+08,1.4494e+08,6.9092e+07,1.7743e+07,0,1.7743e+07,5.8281e+07,1.3372e+08,2.3849e+08,3.6593e+08,5.2803e+08,7.1403e+08,9.2246e+08,1.164e+09,1.4255e+09,1.7083e+09,2.0219e+09,2.3527e+09,7.7781e+09,8.3205e+09,8.8753e+09,9.4453e+09,1.0017e+10,1.0595e+10,1.1187e+10,1.1779e+10,1.2373e+10,1.2976e+10,1.3583e+10,1.4185e+10,1.4789e+10,1.5399e+10,1.6002e+10,1.6601e+10,1.72e+10,1.7798e+10,1.8384e+10,1.8964e+10
6.3256e+10,6.1495e+10,5.9723e+10,5.7953e+10,5.6175e+10,5.4405e+10,5.2633e+10,5.0874e+10,4.912e+10,4.7379e+10,1.7116e+09,1.3791e+09,1.0836e+09,8.3008e+08,6.0478e+08,4.2097e+08,2.7017e+08,1.4987e+08,7.1223e+07,1.91e+07,0,1.91e+07,6.1768e+07,1.3876e+08,2.4869e+08,3.811e+08,5.4798e+08,7.4221e+08,9.5839e+08,1.2079e+09,1.4804e+09,1.7736e+09,2.0981e+09,2.4425e+09,8.0813e+09,8.6467e+09,9.2242e+09,9.8183e+09,1.0415e+10,1.1018e+10,1.1635e+10,1.2255e+10,1.2876e+10,1.3505e+10,1.4142e+10,1.4773e+10,1.5406e+10,1.6046e+10,1.668e+10,1.731e+10,1.794e+10,1.8571e+10,1.919e+10,1.9802e+10
6.6151e+10,6.4272e+10,6.2387e+10,6.0505e+10,5.862e+10,5.6746e+10,5.4872e+10,5.3015e+10,5.1164e+10,4.9333e+10,1.7658e+09,1.4235e+09,1.1175e+09,8.561e+08,6.2395e+08,4.3278e+08,2.7861e+08,1.5439e+08,7.2753e+07,2.0152e+07,0,2.0152e+07,6.5151e+07,1.439e+08,2.5858e+08,3.9607e+08,5.6748e+08,7.6982e+08,9.9376e+08,1.2508e+09,1.5341e+09,1.8377e+09,2.1726e+09,2.5304e+09,8.377e+09,8.9648e+09,9.5644e+09,1.0182e+10,1.0803e+10,1.143e+10,1.2072e+10,1.2719e+10,1.3366e+10,1.4022e+10,1.4686e+10,1.5346e+10,1.6007e+10,1.6675e+10,1.734e+10,1.8e+10,1.866e+10,1.9322e+10,1.9973e+10,2.0618e+10
